metraj,sakht,rooms,elevator,parking,anbari,price,address
۷۰,۱۳۸۵,۱,True,True,True,۱۱۴٬۲۸۵٬۰۰۰ تومان,یک ربع پیش در تهران، پاسداران
۷۰,۱۴۰۲,۲,True,True,True,۶۲٬۱۴۲٬۰۰۰ تومان,یک ربع پیش در تهران، بریانک
۶۷,۱۳۸۵,۲,False,True,True,۵۰٬۰۰۰٬۰۰۰ تومان,یک ربع پیش در تهران، شهرک ولیعصر
۵۲,۱۳۹۵,۱,True,True,True,۲۳٬۰۷۶٬۰۰۰ تومان,یک ربع پیش در تهران، اندیشه (شهر زیبا)
۱۴۶,۱۴۰۲,۳,True,True,True,۱۷۴٬۶۵۷٬۰۰۰ تومان,یک ربع پیش در تهران، گیشا (کوی نصر)
۱۵۰,۱۳۹۹,۳,True,True,True,۱۲۶٬۶۶۶٬۰۰۰ تومان,یک ربع پیش در تهران، سیدخندان
۱۱۴,۱۴۰۱,۲,True,True,True,۴۹٬۱۲۲٬۰۰۰ تومان,یک ربع پیش در تهران، سرو آزاد
۱۷۰,۱۴۰۱,۳,True,True,True,۵۷٬۹۴۱٬۰۰۰ تومان,یک ربع پیش در تهران، دریاچه شهدای خلیج فارس
۱۱۰,۱۳۹۰,۲,True,True,True,۷۷٬۲۷۲٬۰۰۰ تومان,یک ربع پیش در تهران، شهران جنوبی
۵۰,۱۴۰۲,۱,True,False,False,۹۰٬۰۰۰٬۰۰۰ تومان,یک ربع پیش در تهران، کرمان
۷۰,۱۴۰۲,۲,True,True,True,۶۲٬۱۴۲٬۰۰۰ تومان,یک ربع پیش در تهران، بریانک
۵۱,۱۳۹۱,۱,True,False,False,۴۷٬۰۵۸٬۰۰۰ تومان,یک ربع پیش در تهران، مهرآباد جنوبی
۷۴,۱۳۸۰,۲,False,False,True,۵۸٬۷۸۳٬۰۰۰ تومان,یک ربع پیش در تهران، ستارخان
۱۵۰,۱۳۹۹,۳,True,True,True,۱۲۶٬۶۶۶٬۰۰۰ تومان,یک ربع پیش در تهران، سیدخندان
۱۱۴,۱۴۰۱,۲,True,True,True,۴۹٬۱۲۲٬۰۰۰ تومان,یک ربع پیش در تهران، سرو آزاد
۱۷۰,۱۴۰۱,۳,True,True,True,۵۷٬۹۴۱٬۰۰۰ تومان,یک ربع پیش در تهران، دریاچه شهدای خلیج فارس
۱۰۸,۱۴۰۲,۲,True,True,True,۱۱۱٬۱۱۱٬۰۰۰ تومان,یک ربع پیش در تهران، شمس‌آباد
۵۹,۱۳۸۵,۱,False,True,True,۶۶٬۱۰۱٬۰۰۰ تومان,یک ربع پیش در تهران، جنت‌آباد شمالی
۷۷,۱۳۸۶,۲,True,True,True,۵۹٬۰۹۰٬۰۰۰ تومان,یک ربع پیش در تهران، تهران‌سر
۲۱۰,۱۴۰۲,۳,True,True,True,۱۹۰٬۴۷۶٬۰۰۰ تومان,یک ربع پیش در تهران، میرداماد
۵۲,۱۳۹۵,۱,True,True,True,۲۳٬۰۷۶٬۰۰۰ تومان,یک ربع پیش در تهران، اندیشه (شهر زیبا)
۵۱,۱۳۹۱,۱,True,False,False,۴۷٬۰۵۸٬۰۰۰ تومان,یک ربع پیش در تهران، مهرآباد جنوبی
۱۰۵,۱۴۰۲,۲,True,True,True,۸۳٬۸۰۹٬۰۰۰ تومان,یک ربع پیش در تهران، استاد معین
۷۰,۱۳۸۵,۱,True,True,True,۱۱۴٬۲۸۵٬۰۰۰ تومان,یک ربع پیش در تهران، پاسداران
۷۴,۱۳۸۰,۲,False,False,True,۵۸٬۷۸۳٬۰۰۰ تومان,یک ربع پیش در تهران، ستارخان
۲۸۰,۱۴۰۲,۴,True,True,False,۱۲۵٬۰۰۰٬۰۰۰ تومان,یک ربع پیش در تهران، هروی
۱۷۰,۱۴۰۱,۳,True,True,True,۵۷٬۹۴۱٬۰۰۰ تومان,یک ربع پیش در تهران، دریاچه شهدای خلیج فارس
۱۱۰,۱۳۹۰,۲,True,True,True,۷۷٬۲۷۲٬۰۰۰ تومان,یک ربع پیش در تهران، شهران جنوبی
۵۴,۱۳۸۹,۱,True,True,False,۴۵٬۳۷۰٬۰۰۰ تومان,یک ربع پیش در تهران، آذری
۵۹,۱۳۸۵,۱,False,True,True,۶۶٬۱۰۱٬۰۰۰ تومان,یک ربع پیش در تهران، جنت‌آباد شمالی
۲۱۰,۱۴۰۲,۳,True,True,True,۱۹۰٬۴۷۶٬۰۰۰ تومان,یک ربع پیش در تهران، میرداماد
۵۲,۱۳۹۵,۱,True,True,True,۲۳٬۰۷۶٬۰۰۰ تومان,یک ربع پیش در تهران، اندیشه (شهر زیبا)
۵۱,۱۳۹۱,۱,True,False,False,۴۷٬۰۵۸٬۰۰۰ تومان,یک ربع پیش در تهران، مهرآباد جنوبی
۷۰,۱۳۸۵,۱,True,True,True,۱۱۴٬۲۸۵٬۰۰۰ تومان,یک ربع پیش در تهران، پاسداران
۷۴,۱۳۸۰,۲,False,False,True,۵۸٬۷۸۳٬۰۰۰ تومان,یک ربع پیش در تهران، ستارخان
۱۰۹,۱۳۹۸,۲,True,True,True,۱۰۲٬۷۵۲٬۰۰۰ تومان,یک ربع پیش در تهران، دریاچه شهدای خلیج فارس
۲۸۰,۱۴۰۲,۴,True,True,False,۱۲۵٬۰۰۰٬۰۰۰ تومان,یک ربع پیش در تهران، هروی
۱۷۰,۱۴۰۱,۳,True,True,True,۵۷٬۹۴۱٬۰۰۰ تومان,یک ربع پیش در تهران، دریاچه شهدای خلیج فارس
۷۰,۱۴۰۲,۲,True,True,True,۶۲٬۱۴۲٬۰۰۰ تومان,یک ربع پیش در تهران، بریانک
۱۰۸,۱۴۰۲,۲,True,True,True,۱۱۱٬۱۱۱٬۰۰۰ تومان,یک ربع پیش در تهران، شمس‌آباد
۱۲۲,۱۴۰۲,۳,True,True,True,۱۱۸٬۰۳۲٬۰۰۰ تومان,یک ربع پیش در تهران، شمس‌آباد
۵۴,۱۳۸۹,۱,True,True,False,۴۵٬۳۷۰٬۰۰۰ تومان,یک ربع پیش در تهران، آذری
۷۷,۱۳۸۶,۲,True,True,True,۵۹٬۰۹۰٬۰۰۰ تومان,یک ربع پیش در تهران، تهران‌سر
۲۱۰,۱۴۰۲,۳,True,True,True,۱۹۰٬۴۷۶٬۰۰۰ تومان,یک ربع پیش در تهران، میرداماد
۵۲,۱۳۹۵,۱,True,True,True,۲۳٬۰۷۶٬۰۰۰ تومان,یک ربع پیش در تهران، اندیشه (شهر زیبا)
۵۱,۱۳۹۱,۱,True,False,False,۴۷٬۰۵۸٬۰۰۰ تومان,یک ربع پیش در تهران، مهرآباد جنوبی
۱۰۵,۱۴۰۲,۲,True,True,True,۸۳٬۸۰۹٬۰۰۰ تومان,یک ربع پیش در تهران، استاد معین
۲۸۰,۱۴۰۲,۴,True,True,False,۱۲۵٬۰۰۰٬۰۰۰ تومان,یک ربع پیش در تهران، هروی
۱۱۴,۱۴۰۱,۲,True,True,True,۴۹٬۱۲۲٬۰۰۰ تومان,یک ربع پیش در تهران، سرو آزاد
۱۰۸,۱۴۰۲,۲,True,True,True,۱۱۱٬۱۱۱٬۰۰۰ تومان,یک ربع پیش در تهران، شمس‌آباد
۱۲۲,۱۴۰۲,۳,True,True,True,۱۱۸٬۰۳۲٬۰۰۰ تومان,یک ربع پیش در تهران، شمس‌آباد
۵۴,۱۳۸۹,۱,True,True,False,۴۵٬۳۷۰٬۰۰۰ تومان,یک ربع پیش در تهران، آذری
۷۷,۱۳۸۶,۲,True,True,True,۵۹٬۰۹۰٬۰۰۰ تومان,یک ربع پیش در تهران، تهران‌سر
۲۱۰,۱۴۰۲,۳,True,True,True,۱۹۰٬۴۷۶٬۰۰۰ تومان,یک ربع پیش در تهران، میرداماد
۵۲,۱۳۹۵,۱,True,True,True,۲۳٬۰۷۶٬۰۰۰ تومان,یک ربع پیش در تهران، اندیشه (شهر زیبا)
۱۴۶,۱۴۰۲,۳,True,True,True,۱۷۴٬۶۵۷٬۰۰۰ تومان,یک ربع پیش در تهران، گیشا (کوی نصر)
۵۱,۱۳۹۱,۱,True,False,False,۴۷٬۰۵۸٬۰۰۰ تومان,یک ربع پیش در تهران، مهرآباد جنوبی
۱۰۵,۱۴۰۲,۲,True,True,True,۸۳٬۸۰۹٬۰۰۰ تومان,نیم ساعت پیش در تهران، استاد معین
۲۷۰,۱۴۰۲,۴,True,True,True,۲۵۹٬۲۵۹٬۰۰۰ تومان,نیم ساعت پیش در تهران، دروس
۷۴,۱۳۸۰,۲,False,False,True,۵۸٬۷۸۳٬۰۰۰ تومان,یک ربع پیش در تهران، ستارخان
۱۵۰,۱۳۹۹,۳,True,True,True,۱۲۶٬۶۶۶٬۰۰۰ تومان,یک ربع پیش در تهران، سیدخندان
۱۱۴,۱۴۰۱,۲,True,True,True,۴۹٬۱۲۲٬۰۰۰ تومان,نیم ساعت پیش در تهران، سرو آزاد
۱۷۰,۱۴۰۱,۳,True,True,True,۵۷٬۹۴۱٬۰۰۰ تومان,نیم ساعت پیش در تهران، دریاچه شهدای خلیج فارس
۵۰,۱۴۰۲,۱,True,False,False,۹۰٬۰۰۰٬۰۰۰ تومان,نیم ساعت پیش در تهران، کرمان
۱۱۰,۱۳۸۴,۲,True,True,True,۸۱٬۸۱۸٬۰۰۰ تومان,نیم ساعت پیش در تهران، کوی فردوس
۵۴,۱۳۸۹,۱,True,True,False,۴۵٬۳۷۰٬۰۰۰ تومان,نیم ساعت پیش در تهران، آذری
۷۷,۱۳۸۶,۲,True,True,True,۵۹٬۰۹۰٬۰۰۰ تومان,نیم ساعت پیش در تهران، تهران‌سر
۱۰۵,۱۳۸۵,۳,True,True,True,۱۲۳٬۸۰۹٬۰۰۰ تومان,نیم ساعت پیش در تهران، گیشا (کوی نصر)
۱۴۶,۱۴۰۲,۳,True,True,True,۱۷۴٬۶۵۷٬۰۰۰ تومان,نیم ساعت پیش در تهران، گیشا (کوی نصر)
۱۵۰,۱۳۹۹,۳,True,True,True,۱۲۶٬۶۶۶٬۰۰۰ تومان,نیم ساعت پیش در تهران، سیدخندان
۱۰۹,۱۳۹۸,۲,True,True,True,۱۰۲٬۷۵۲٬۰۰۰ تومان,نیم ساعت پیش در تهران، دریاچه شهدای خلیج فارس
۲۸۰,۱۴۰۲,۴,True,True,False,۱۲۵٬۰۰۰٬۰۰۰ تومان,نیم ساعت پیش در تهران، هروی
۱۷۰,۱۴۰۱,۳,True,True,True,۵۷٬۹۴۱٬۰۰۰ تومان,نیم ساعت پیش در تهران، دریاچه شهدای خلیج فارس
۵۰,۱۴۰۲,۱,True,False,False,۹۰٬۰۰۰٬۰۰۰ تومان,نیم ساعت پیش در تهران، کرمان
۱۲۲,۱۴۰۲,۳,True,True,True,۱۱۸٬۰۳۲٬۰۰۰ تومان,نیم ساعت پیش در تهران، شمس‌آباد
۵۹,۱۳۸۵,۱,False,True,True,۶۶٬۱۰۱٬۰۰۰ تومان,نیم ساعت پیش در تهران، جنت‌آباد شمالی
۲۱۰,۱۴۰۲,۳,True,True,True,۱۹۰٬۴۷۶٬۰۰۰ تومان,نیم ساعت پیش در تهران، میرداماد
۶۷,۱۳۸۵,۲,False,True,True,۵۰٬۰۰۰٬۰۰۰ تومان,نیم ساعت پیش در تهران، شهرک ولیعصر
۱۴۶,۱۴۰۲,۳,True,True,True,۱۷۴٬۶۵۷٬۰۰۰ تومان,نیم ساعت پیش در تهران، گیشا (کوی نصر)
۵۱,۱۳۹۱,۱,True,False,False,۴۷٬۰۵۸٬۰۰۰ تومان,نیم ساعت پیش در تهران، مهرآباد جنوبی
۱۰۵,۱۴۰۲,۲,True,True,True,۸۳٬۸۰۹٬۰۰۰ تومان,نیم ساعت پیش در تهران، استاد معین
۱۰۹,۱۳۹۸,۲,True,True,True,۱۰۲٬۷۵۲٬۰۰۰ تومان,نیم ساعت پیش در تهران، دریاچه شهدای خلیج فارس
۱۷۰,۱۴۰۱,۳,True,True,True,۵۷٬۹۴۱٬۰۰۰ تومان,نیم ساعت پیش در تهران، دریاچه شهدای خلیج فارس
۱۱۰,۱۳۹۰,۲,True,True,True,۷۷٬۲۷۲٬۰۰۰ تومان,نیم ساعت پیش در تهران، شهران جنوبی
۵۰,۱۴۰۲,۱,True,False,False,۹۰٬۰۰۰٬۰۰۰ تومان,نیم ساعت پیش در تهران، کرمان
۷۰,۱۴۰۲,۲,True,True,True,۶۲٬۱۴۲٬۰۰۰ تومان,نیم ساعت پیش در تهران، بریانک
۱۰۸,۱۴۰۲,۲,True,True,True,۱۱۱٬۱۱۱٬۰۰۰ تومان,نیم ساعت پیش در تهران، شمس‌آباد
۱۲۲,۱۴۰۲,۳,True,True,True,۱۱۸٬۰۳۲٬۰۰۰ تومان,نیم ساعت پیش در تهران، شمس‌آباد
۵۴,۱۳۸۹,۱,True,True,False,۴۵٬۳۷۰٬۰۰۰ تومان,نیم ساعت پیش در تهران، آذری
۲۱۰,۱۴۰۲,۳,True,True,True,۱۹۰٬۴۷۶٬۰۰۰ تومان,نیم ساعت پیش در تهران، میرداماد
۱۰۵,۱۳۸۵,۳,True,True,True,۱۲۳٬۸۰۹٬۰۰۰ تومان,نیم ساعت پیش در تهران، گیشا (کوی نصر)
۲۷۰,۱۴۰۲,۴,True,True,True,۲۵۹٬۲۵۹٬۰۰۰ تومان,نیم ساعت پیش در تهران، دروس
۷۰,۱۳۸۵,۱,True,True,True,۱۱۴٬۲۸۵٬۰۰۰ تومان,نیم ساعت پیش در تهران، پاسداران
۱۵۰,۱۳۹۹,۳,True,True,True,۱۲۶٬۶۶۶٬۰۰۰ تومان,نیم ساعت پیش در تهران، سیدخندان
۱۷۰,۱۴۰۱,۳,True,True,True,۵۷٬۹۴۱٬۰۰۰ تومان,نیم ساعت پیش در تهران، دریاچه شهدای خلیج فارس
۱۱۰,۱۳۹۰,۲,True,True,True,۷۷٬۲۷۲٬۰۰۰ تومان,نیم ساعت پیش در تهران، شهران جنوبی
۵۰,۱۴۰۲,۱,True,False,False,۹۰٬۰۰۰٬۰۰۰ تومان,نیم ساعت پیش در تهران، کرمان
۷۰,۱۴۰۲,۲,True,True,True,۶۲٬۱۴۲٬۰۰۰ تومان,نیم ساعت پیش در تهران، بریانک
۱۱۰,۱۳۸۴,۲,True,True,True,۸۱٬۸۱۸٬۰۰۰ تومان,نیم ساعت پیش در تهران، کوی فردوس
۱۰۸,۱۴۰۲,۲,True,True,True,۱۱۱٬۱۱۱٬۰۰۰ تومان,نیم ساعت پیش در تهران، شمس‌آباد
۵۴,۱۳۸۹,۱,True,True,False,۴۵٬۳۷۰٬۰۰۰ تومان,نیم ساعت پیش در تهران، آذری
۵۹,۱۳۸۵,۱,False,True,True,۶۶٬۱۰۱٬۰۰۰ تومان,نیم ساعت پیش در تهران، جنت‌آباد شمالی
۷۷,۱۳۸۶,۲,True,True,True,۵۹٬۰۹۰٬۰۰۰ تومان,نیم ساعت پیش در تهران، تهران‌سر
۲۱۰,۱۴۰۲,۳,True,True,True,۱۹۰٬۴۷۶٬۰۰۰ تومان,نیم ساعت پیش در تهران، میرداماد
۲۷۰,۱۴۰۲,۴,True,True,True,۲۵۹٬۲۵۹٬۰۰۰ تومان,نیم ساعت پیش در تهران، دروس
۶۶,۱۳۸۹,۱,True,True,True,۹۳٬۹۳۹٬۰۰۰ تومان,نیم ساعت پیش در تهران، اباذر
۴۸,۱۳۸۸,۱,False,True,True,۱۱٬۶۶۶٬۰۰۰ تومان,نیم ساعت پیش در تهران، اندیشه (شهر زیبا)
۱۰۲,۱۴۰۱,۲,True,True,True,۷۶٬۴۷۰٬۰۰۰ تومان,نیم ساعت پیش در تهران، جیحون
۱۸۰,۱۳۹۰,۳,True,True,True,۱۵۲٬۷۷۷٬۰۰۰ تومان,نیم ساعت پیش در تهران، نیاوران
۶۰,۱۳۸۶,۲,False,True,True,۶۵٬۸۳۳٬۰۰۰ تومان,نیم ساعت پیش در تهران، جیحون
۱۰۵,۱۳۹۲,۳,True,True,True,۱۱۶٬۱۹۰٬۰۰۰ تومان,نیم ساعت پیش در تهران، سهروردی
۵۴,۱۳۹۴,۱,True,False,True,۵۰٬۰۰۰٬۰۰۰ تومان,نیم ساعت پیش در تهران، هفت چنار
۱۴۳,۱۴۰۱,۳,True,True,True,۱۰۹٬۷۹۰٬۰۰۰ تومان,نیم ساعت پیش در تهران، شهران شمالی
۱۱۰,۱۳۸۷,۲,True,True,True,۸۶٬۳۶۳٬۰۰۰ تومان,نیم ساعت پیش در تهران، حسین‌آباد
۱۲۵,۱۳۸۸,۳,True,True,True,۱۳۴٬۰۰۰٬۰۰۰ تومان,نیم ساعت پیش در تهران، سعادت‌آباد
۶۸,۱۳۸۹,۲,True,True,True,۱۰۱٬۴۷۰٬۰۰۰ تومان,نیم ساعت پیش در تهران، جنت‌آباد مرکزی
۱۴۰,۱۴۰۲,۲,True,True,True,۱۹۰٬۰۰۰٬۰۰۰ تومان,نیم ساعت پیش در تهران، پاسداران
۴۸,۱۳۸۸,۱,False,True,True,۱۱٬۶۶۶٬۰۰۰ تومان,نیم ساعت پیش در تهران، اندیشه (شهر زیبا)
۷۸,۱۳۸۳,۲,False,True,True,۷۲٬۴۳۵٬۰۰۰ تومان,نیم ساعت پیش در تهران، ستارخان
۶۰,۱۳۸۶,۲,False,True,True,۶۵٬۸۳۳٬۰۰۰ تومان,نیم ساعت پیش در تهران، جیحون
۵۴,۱۳۹۴,۱,True,False,True,۵۰٬۰۰۰٬۰۰۰ تومان,نیم ساعت پیش در تهران، هفت چنار
۱۴۳,۱۴۰۱,۳,True,True,True,۱۰۹٬۷۹۰٬۰۰۰ تومان,نیم ساعت پیش در تهران، شهران شمالی
۱۱۰,۱۳۸۷,۲,True,True,True,۸۶٬۳۶۳٬۰۰۰ تومان,نیم ساعت پیش در تهران، حسین‌آباد
۴۵,۱۳۸۲,۱,True,False,True,۷۰٬۰۰۰٬۰۰۰ تومان,نیم ساعت پیش در تهران، امامت
۱۰۲,۱۴۰۱,۲,True,True,True,۷۶٬۴۷۰٬۰۰۰ تومان,نیم ساعت پیش در تهران، جیحون
۷۸,۱۳۸۳,۲,False,True,True,۷۲٬۴۳۵٬۰۰۰ تومان,نیم ساعت پیش در تهران، ستارخان
۶۰,۱۳۸۶,۲,False,True,True,۶۵٬۸۳۳٬۰۰۰ تومان,نیم ساعت پیش در تهران، جیحون
۱۰۵,۱۳۹۲,۳,True,True,True,۱۱۶٬۱۹۰٬۰۰۰ تومان,نیم ساعت پیش در تهران، سهروردی
۲۵۱,۱۳۹۵,۴,True,True,True,۲۳۷٬۰۵۱٬۰۰۰ تومان,نیم ساعت پیش در تهران، زعفرانیه
۹۵,۱۳۹۶,۲,True,True,True,۷۵٬۷۸۹٬۰۰۰ تومان,نیم ساعت پیش در تهران، حکیمیه
۶۶,۱۳۸۹,۱,True,True,True,۹۳٬۹۳۹٬۰۰۰ تومان,نیم ساعت پیش در تهران، اباذر
۴۸,۱۳۸۸,۱,False,True,True,۱۱٬۶۶۶٬۰۰۰ تومان,نیم ساعت پیش در تهران، اندیشه (شهر زیبا)
۱۴۸,۱۳۹۷,۳,True,True,True,۱۰۷٬۷۷۰٬۰۰۰ تومان,نیم ساعت پیش در تهران، شاهین
۱۴۳,۱۴۰۱,۳,True,True,True,۱۰۹٬۷۹۰٬۰۰۰ تومان,نیم ساعت پیش در تهران، شهران شمالی
۱۲۵,۱۳۸۸,۳,True,True,True,۱۳۴٬۰۰۰٬۰۰۰ تومان,نیم ساعت پیش در تهران، سعادت‌آباد
۱۴۰,۱۴۰۲,۲,True,True,True,۱۹۰٬۰۰۰٬۰۰۰ تومان,نیم ساعت پیش در تهران، پاسداران
۱۰۲,۱۴۰۱,۲,True,True,True,۷۴٬۵۰۹٬۰۰۰ تومان,نیم ساعت پیش در تهران، جیحون
۱۰۵,۱۳۹۲,۳,True,True,True,۱۱۶٬۱۹۰٬۰۰۰ تومان,نیم ساعت پیش در تهران، سهروردی
۵۴,۱۳۹۴,۱,True,False,True,۵۰٬۰۰۰٬۰۰۰ تومان,نیم ساعت پیش در تهران، هفت چنار
۵۵,۱۳۹۵,۱,True,True,True,۱۰۷٬۲۷۲٬۰۰۰ تومان,نیم ساعت پیش در تهران، پونک
۵۸,۱۳۹۹,۱,False,True,True,۳۰٬۱۷۲٬۰۰۰ تومان,نیم ساعت پیش در تهران، مبارک‌آباد بهشتی
۶۸,۱۳۸۹,۲,True,True,True,۱۰۱٬۴۷۰٬۰۰۰ تومان,نیم ساعت پیش در تهران، جنت‌آباد مرکزی
۱۴۰,۱۴۰۲,۲,True,True,True,۱۹۰٬۰۰۰٬۰۰۰ تومان,نیم ساعت پیش در تهران، پاسداران
۶۶,۱۳۸۹,۱,True,True,True,۹۳٬۹۳۹٬۰۰۰ تومان,نیم ساعت پیش در تهران، اباذر
۴۸,۱۳۸۸,۱,False,True,True,۱۱٬۶۶۶٬۰۰۰ تومان,نیم ساعت پیش در تهران، اندیشه (شهر زیبا)
۱۰۲,۱۴۰۱,۲,True,True,True,۷۴٬۵۰۹٬۰۰۰ تومان,نیم ساعت پیش در تهران، جیحون
۱۴۸,۱۳۹۷,۳,True,True,True,۱۰۷٬۷۷۰٬۰۰۰ تومان,نیم ساعت پیش در تهران، شاهین
۱۸۰,۱۳۹۰,۳,True,True,True,۱۵۲٬۷۷۷٬۰۰۰ تومان,نیم ساعت پیش در تهران، نیاوران
۸۳,۱۳۹۲,۲,True,True,True,۷۸٬۹۱۵٬۰۰۰ تومان,نیم ساعت پیش در تهران، چیتگر
۶۶,۱۳۸۹,۱,True,True,True,۹۳٬۹۳۹٬۰۰۰ تومان,نیم ساعت پیش در تهران، اباذر
۴۸,۱۳۸۸,۱,False,True,True,۱۱٬۶۶۶٬۰۰۰ تومان,نیم ساعت پیش در تهران، اندیشه (شهر زیبا)
۷۸,۱۳۸۳,۲,False,True,True,۷۲٬۴۳۵٬۰۰۰ تومان,نیم ساعت پیش در تهران، ستارخان
۶۳,۱۳۹۰,۲,True,True,True,۸۳٬۳۳۳٬۰۰۰ تومان,نیم ساعت پیش در تهران، ستارخان
۸۳,۱۳۹۲,۲,True,True,True,۷۸٬۹۱۵٬۰۰۰ تومان,نیم ساعت پیش در تهران، چیتگر
۱۰۵,۱۳۹۲,۳,True,True,True,۱۱۶٬۱۹۰٬۰۰۰ تومان,نیم ساعت پیش در تهران، سهروردی
۵۴,۱۳۹۴,۱,True,False,True,۵۰٬۰۰۰٬۰۰۰ تومان,نیم ساعت پیش در تهران، هفت چنار
۱۴۳,۱۴۰۱,۳,True,True,True,۱۰۹٬۷۹۰٬۰۰۰ تومان,نیم ساعت پیش در تهران، شهران شمالی
۱۱۰,۱۳۸۷,۲,True,True,True,۸۶٬۳۶۳٬۰۰۰ تومان,نیم ساعت پیش در تهران، حسین‌آباد
۹۵,۱۳۹۶,۲,True,True,True,۷۵٬۷۸۹٬۰۰۰ تومان,نیم ساعت پیش در تهران، حکیمیه
۶۸,۱۳۸۹,۲,True,True,True,۱۰۱٬۴۷۰٬۰۰۰ تومان,نیم ساعت پیش در تهران، جنت‌آباد مرکزی
۱۴۰,۱۴۰۲,۲,True,True,True,۱۹۰٬۰۰۰٬۰۰۰ تومان,نیم ساعت پیش در تهران، پاسداران
۶۶,۱۳۸۹,۱,True,True,True,۹۳٬۹۳۹٬۰۰۰ تومان,نیم ساعت پیش در تهران، اباذر
۴۸,۱۳۸۸,۱,False,True,True,۱۱٬۶۶۶٬۰۰۰ تومان,نیم ساعت پیش در تهران، اندیشه (شهر زیبا)
۷۸,۱۳۸۳,۲,False,True,True,۷۲٬۴۳۵٬۰۰۰ تومان,نیم ساعت پیش در تهران، ستارخان
۱۸۰,۱۳۹۰,۳,True,True,True,۱۵۲٬۷۷۷٬۰۰۰ تومان,نیم ساعت پیش در تهران، نیاوران
۸۳,۱۳۹۲,۲,True,True,True,۷۸٬۹۱۵٬۰۰۰ تومان,نیم ساعت پیش در تهران، چیتگر
۱۰۵,۱۳۹۲,۳,True,True,True,۱۱۶٬۱۹۰٬۰۰۰ تومان,نیم ساعت پیش در تهران، سهروردی
۵۴,۱۳۹۴,۱,True,False,True,۵۰٬۰۰۰٬۰۰۰ تومان,نیم ساعت پیش در تهران، هفت چنار
۵۵,۱۳۹۵,۱,True,True,True,۱۰۷٬۲۷۲٬۰۰۰ تومان,نیم ساعت پیش در تهران، پونک
۶۳,۱۳۹۰,۲,True,True,True,۸۳٬۳۳۳٬۰۰۰ تومان,نیم ساعت پیش در تهران، ستارخان
۱۱۰,۱۳۸۷,۲,True,True,True,۸۶٬۳۶۳٬۰۰۰ تومان,۱ ساعت پیش در تهران، حسین‌آباد
۱۰۲,۱۴۰۱,۲,True,True,True,۷۴٬۵۰۹٬۰۰۰ تومان,۱ ساعت پیش در تهران، جیحون
۱۸۰,۱۳۹۰,۳,True,True,True,۱۵۲٬۷۷۷٬۰۰۰ تومان,۱ ساعت پیش در تهران، نیاوران
۶۳,۱۳۹۰,۲,True,True,True,۸۳٬۳۳۳٬۰۰۰ تومان,۱ ساعت پیش در تهران، ستارخان
۱۳۸,۱۳۹۷,۳,True,True,True,۱۷۷٬۵۳۶٬۰۰۰ تومان,۱ ساعت پیش در تهران، سعادت‌آباد
۱۰۵,۱۳۹۲,۳,True,True,True,۱۱۶٬۱۹۰٬۰۰۰ تومان,۱ ساعت پیش در تهران، سهروردی
۵۵,۱۳۹۵,۱,True,True,True,۱۰۷٬۲۷۲٬۰۰۰ تومان,۱ ساعت پیش در تهران، پونک
۱۴۳,۱۴۰۱,۳,True,True,True,۱۰۹٬۷۹۰٬۰۰۰ تومان,۱ ساعت پیش در تهران، شهران شمالی
۱۱۰,۱۳۸۷,۲,True,True,True,۸۶٬۳۶۳٬۰۰۰ تومان,۱ ساعت پیش در تهران، حسین‌آباد
۱۳۳,۱۴۰۱,۳,True,True,True,۱۲۴٬۰۶۰٬۰۰۰ تومان,۱ ساعت پیش در تهران، عباس‌آباد
۵۸,۱۴۰۲,۱,True,True,True,۱۲۰٬۶۸۹٬۰۰۰ تومان,۱ ساعت پیش در تهران، باغ فیض
۹۵,۱۳۸۷,۲,True,True,True,۸۶٬۳۱۵٬۰۰۰ تومان,۱ ساعت پیش در تهران، مرزداران
۷۶,۱۳۸۷,۲,True,True,True,۶۷٬۷۶۳٬۰۰۰ تومان,۱ ساعت پیش در تهران، اوقاف
۴۵,۱۳۹۴,۱,True,True,True,۵۳٬۳۳۳٬۰۰۰ تومان,۱ ساعت پیش در تهران، امیریه
۹۵,۱۴۰۱,۲,True,True,True,۱۰۵٬۲۶۳٬۰۰۰ تومان,۱ ساعت پیش در تهران، نارمک
۱۳۳,۱۳۹۷,۳,True,True,True,۶۷٬۶۶۹٬۰۰۰ تومان,۱ ساعت پیش در تهران، خواجه نظام الملک
۶۵,۱۴۰۲,۲,True,False,True,۵۶٬۹۲۳٬۰۰۰ تومان,۱ ساعت پیش در تهران، هفت چنار
۱۱۶,۱۳۸۸,۲,True,True,True,۸۷٬۰۶۸٬۰۰۰ تومان,۱ ساعت پیش در تهران، کوی فردوس
۵۵,۱۴۰۰,۱,True,False,True,۷۴٬۵۴۵٬۰۰۰ تومان,۱ ساعت پیش در تهران، زاهد گیلانی
۵۸,۱۴۰۲,۱,True,True,True,۱۲۰٬۶۸۹٬۰۰۰ تومان,۱ ساعت پیش در تهران، باغ فیض
۹۵,۱۳۸۷,۲,True,True,True,۸۶٬۳۱۵٬۰۰۰ تومان,۱ ساعت پیش در تهران، مرزداران
۷۰,۱۳۸۴,۲,False,False,True,۶۹٬۲۸۵٬۰۰۰ تومان,۱ ساعت پیش در تهران، پرستار
۱۷۵,۱۴۰۲,۳,True,True,True,۱۴۲٬۸۵۷٬۰۰۰ تومان,۱ ساعت پیش در تهران، شهرک راه‌آهن
۱۰۰,۱۴۰۱,۲,True,True,True,۷۲٬۰۰۰٬۰۰۰ تومان,۱ ساعت پیش در تهران، دکتر هوشیار
۴۵,۱۳۹۴,۱,True,True,True,۵۳٬۳۳۳٬۰۰۰ تومان,۱ ساعت پیش در تهران، امیریه
۵۲,۱۳۸۲,۱,False,False,True,۷۶٬۹۲۳٬۰۰۰ تومان,۱ ساعت پیش در تهران، شهر زیبا
۵۹,۱۳۹۲,۱,True,True,True,۸۹٬۸۳۰٬۰۰۰ تومان,۱ ساعت پیش در تهران، تهرانپارس غربی
۳۴,۱۳۹۱,۱,False,False,True,۷۹٬۴۱۱٬۰۰۰ تومان,۱ ساعت پیش در تهران، هفت حوض
۹۵,۱۴۰۱,۲,True,True,True,۱۰۵٬۲۶۳٬۰۰۰ تومان,۱ ساعت پیش در تهران، نارمک
۱۳۳,۱۳۹۷,۳,True,True,True,۶۷٬۶۶۹٬۰۰۰ تومان,۱ ساعت پیش در تهران، خواجه نظام الملک
۱۷۸,۱۳۹۲,۳,True,True,True,۱۶۶٬۲۹۲٬۰۰۰ تومان,۱ ساعت پیش در تهران، ازگل
۶۵,۱۴۰۲,۲,True,False,True,۵۶٬۹۲۳٬۰۰۰ تومان,۱ ساعت پیش در تهران، هفت چنار
۱۳۳,۱۴۰۱,۳,True,True,True,۱۲۴٬۰۶۰٬۰۰۰ تومان,۱ ساعت پیش در تهران، عباس‌آباد
۷۱,۱۴۰۲,۱,True,True,True,۱۰۹٬۷۱۸٬۰۰۰ تومان,۱ ساعت پیش در تهران، جنت‌آباد مرکزی
۱۱۶,۱۳۸۸,۲,True,True,True,۸۷٬۰۶۸٬۰۰۰ تومان,۱ ساعت پیش در تهران، کوی فردوس
۵۵,۱۴۰۰,۱,True,False,True,۷۴٬۵۴۵٬۰۰۰ تومان,۱ ساعت پیش در تهران، زاهد گیلانی
۸۵,۱۴۰۲,۲,True,True,True,۲۱٬۲۳۵٬۰۰۰ تومان,۱ ساعت پیش در تهران، مبارک‌آباد بهشتی
۶۸۰,۱۴۰۲,+۴,True,True,True,۹۵٬۵۸۸٬۰۰۰ تومان,۱ ساعت پیش در تهران، سرو آزاد
۵۸,۱۴۰۲,۱,True,True,True,۱۲۰٬۶۸۹٬۰۰۰ تومان,۱ ساعت پیش در تهران، باغ فیض
۷۶,۱۳۸۷,۲,True,True,True,۶۷٬۷۶۳٬۰۰۰ تومان,۱ ساعت پیش در تهران، اوقاف
۷۰,۱۳۸۴,۲,False,False,True,۶۹٬۲۸۵٬۰۰۰ تومان,۱ ساعت پیش در تهران، پرستار
۹۶,۱۳۹۶,۲,True,True,True,۴۸٬۵۰۰٬۰۰۰ تومان,۱ ساعت پیش در تهران، جوادیه
۱۷۵,۱۴۰۲,۳,True,True,True,۱۴۲٬۸۵۷٬۰۰۰ تومان,۱ ساعت پیش در تهران، شهرک راه‌آهن
۹۱,۱۳۸۸,۲,True,True,True,۹۹٬۴۵۰٬۰۰۰ تومان,۱ ساعت پیش در تهران، اباذر
۴۹,۱۳۹۶,۱,True,False,True,۵۶٬۱۲۲٬۰۰۰ تومان,۱ ساعت پیش در تهران، سلسبیل
۵۲,۱۳۸۲,۱,False,False,True,۷۶٬۹۲۳٬۰۰۰ تومان,۱ ساعت پیش در تهران، شهر زیبا
۵۹,۱۳۹۲,۱,True,True,True,۸۹٬۸۳۰٬۰۰۰ تومان,۱ ساعت پیش در تهران، تهرانپارس غربی
۳۴,۱۳۹۱,۱,False,False,True,۷۹٬۴۱۱٬۰۰۰ تومان,۱ ساعت پیش در تهران، هفت حوض
۹۵,۱۴۰۱,۲,True,True,True,۱۰۵٬۲۶۳٬۰۰۰ تومان,۱ ساعت پیش در تهران، نارمک
۱۳۳,۱۳۹۷,۳,True,True,True,۶۷٬۶۶۹٬۰۰۰ تومان,۱ ساعت پیش در تهران، خواجه نظام الملک
۱۷۸,۱۳۹۲,۳,True,True,True,۱۶۶٬۲۹۲٬۰۰۰ تومان,۱ ساعت پیش در تهران، ازگل
۶۵,۱۴۰۲,۲,True,False,True,۵۶٬۹۲۳٬۰۰۰ تومان,۱ ساعت پیش در تهران، هفت چنار
۱۳۳,۱۴۰۱,۳,True,True,True,۱۲۴٬۰۶۰٬۰۰۰ تومان,۱ ساعت پیش در تهران، عباس‌آباد
۱۱۶,۱۳۸۸,۲,True,True,True,۸۷٬۰۶۸٬۰۰۰ تومان,۱ ساعت پیش در تهران، کوی فردوس
۱۵۳,۱۴۰۲,۳,True,True,True,۲۲۰٬۲۶۱٬۰۰۰ تومان,۱ ساعت پیش در تهران، شهرک غرب
۶۸۰,۱۴۰۲,+۴,True,True,True,۹۵٬۵۸۸٬۰۰۰ تومان,۱ ساعت پیش در تهران، سرو آزاد
۵۸,۱۴۰۲,۱,True,True,True,۱۲۰٬۶۸۹٬۰۰۰ تومان,۱ ساعت پیش در تهران، باغ فیض
۹۵,۱۳۸۷,۲,True,True,True,۸۶٬۳۱۵٬۰۰۰ تومان,۱ ساعت پیش در تهران، مرزداران
۷۶,۱۳۸۷,۲,True,True,True,۶۷٬۷۶۳٬۰۰۰ تومان,۱ ساعت پیش در تهران، اوقاف
۹۶,۱۳۹۶,۲,True,True,True,۴۸٬۵۰۰٬۰۰۰ تومان,۱ ساعت پیش در تهران، جوادیه
۹۱,۱۳۸۸,۲,True,True,True,۹۹٬۴۵۰٬۰۰۰ تومان,۱ ساعت پیش در تهران، اباذر
۱۰۰,۱۴۰۱,۲,True,True,True,۷۲٬۰۰۰٬۰۰۰ تومان,۱ ساعت پیش در تهران، دکتر هوشیار
۵۹,۱۳۹۲,۱,True,True,True,۸۹٬۸۳۰٬۰۰۰ تومان,۱ ساعت پیش در تهران، تهرانپارس غربی
۹۵,۱۴۰۱,۲,True,True,True,۱۰۵٬۲۶۳٬۰۰۰ تومان,۱ ساعت پیش در تهران، نارمک
۱۷۸,۱۳۹۲,۳,True,True,True,۱۶۶٬۲۹۲٬۰۰۰ تومان,۱ ساعت پیش در تهران، ازگل
۱۱۶,۱۳۸۸,۲,True,True,True,۸۷٬۰۶۸٬۰۰۰ تومان,۱ ساعت پیش در تهران، کوی فردوس
۶۸۰,۱۴۰۲,+۴,True,True,True,۹۵٬۵۸۸٬۰۰۰ تومان,۱ ساعت پیش در تهران، سرو آزاد
۹۵,۱۳۸۷,۲,True,True,True,۸۶٬۳۱۵٬۰۰۰ تومان,۱ ساعت پیش در تهران، مرزداران
۹۶,۱۳۹۶,۲,True,True,True,۴۸٬۵۰۰٬۰۰۰ تومان,۱ ساعت پیش در تهران، جوادیه
۱۷۵,۱۴۰۲,۳,True,True,True,۱۴۲٬۸۵۷٬۰۰۰ تومان,۱ ساعت پیش در تهران، شهرک راه‌آهن
۵۲,۱۳۸۲,۱,False,False,True,۷۶٬۹۲۳٬۰۰۰ تومان,۱ ساعت پیش در تهران، شهر زیبا
۱۷۸,۱۳۹۲,۳,True,True,True,۱۶۶٬۲۹۲٬۰۰۰ تومان,۱ ساعت پیش در تهران، ازگل
۱۵۳,۱۴۰۲,۳,True,True,True,۲۲۰٬۲۶۱٬۰۰۰ تومان,۱ ساعت پیش در تهران، شهرک غرب
۸۵,۱۴۰۲,۲,True,True,True,۲۱٬۲۳۵٬۰۰۰ تومان,۱ ساعت پیش در تهران، مبارک‌آباد بهشتی
۵۸,۱۴۰۲,۱,True,True,True,۱۲۰٬۶۸۹٬۰۰۰ تومان,۱ ساعت پیش در تهران، باغ فیض
۹۵,۱۳۸۷,۲,True,True,True,۸۶٬۳۱۵٬۰۰۰ تومان,۱ ساعت پیش در تهران، مرزداران
۷۶,۱۳۸۷,۲,True,True,True,۶۷٬۷۶۳٬۰۰۰ تومان,۱ ساعت پیش در تهران، اوقاف
۷۰,۱۳۸۴,۲,False,False,True,۶۹٬۲۸۵٬۰۰۰ تومان,۱ ساعت پیش در تهران، پرستار
۹۱,۱۳۸۸,۲,True,True,True,۹۹٬۴۵۰٬۰۰۰ تومان,۱ ساعت پیش در تهران، اباذر
۴۹,۱۳۹۶,۱,True,False,True,۵۶٬۱۲۲٬۰۰۰ تومان,۱ ساعت پیش در تهران، سلسبیل
۴۵,۱۳۹۴,۱,True,True,True,۵۳٬۳۳۳٬۰۰۰ تومان,۱ ساعت پیش در تهران، امیریه
۳۴,۱۳۹۱,۱,False,False,True,۷۹٬۴۱۱٬۰۰۰ تومان,۱ ساعت پیش در تهران، هفت حوض
۹۵,۱۴۰۱,۲,True,True,True,۱۰۵٬۲۶۳٬۰۰۰ تومان,۱ ساعت پیش در تهران، نارمک
۱۳۳,۱۴۰۱,۳,True,True,True,۱۲۴٬۰۶۰٬۰۰۰ تومان,۱ ساعت پیش در تهران، عباس‌آباد
۱۵۳,۱۴۰۲,۳,True,True,True,۲۲۰٬۲۶۱٬۰۰۰ تومان,۱ ساعت پیش در تهران، شهرک غرب
۵۵,۱۴۰۰,۱,True,False,True,۷۴٬۵۴۵٬۰۰۰ تومان,۱ ساعت پیش در تهران، زاهد گیلانی
۶۸۰,۱۴۰۲,+۴,True,True,True,۹۵٬۵۸۸٬۰۰۰ تومان,۱ ساعت پیش در تهران، سرو آزاد
۹۵,۱۳۸۷,۲,True,True,True,۸۶٬۳۱۵٬۰۰۰ تومان,۱ ساعت پیش در تهران، مرزداران
۷۶,۱۳۸۷,۲,True,True,True,۶۷٬۷۶۳٬۰۰۰ تومان,۱ ساعت پیش در تهران، اوقاف
۷۰,۱۳۸۴,۲,False,False,True,۶۹٬۲۸۵٬۰۰۰ تومان,۱ ساعت پیش در تهران، پرستار
۹۶,۱۳۹۶,۲,True,True,True,۴۸٬۵۰۰٬۰۰۰ تومان,۱ ساعت پیش در تهران، جوادیه
۱۷۵,۱۴۰۲,۳,True,True,True,۱۴۲٬۸۵۷٬۰۰۰ تومان,۱ ساعت پیش در تهران، شهرک راه‌آهن
۱۰۰,۱۴۰۱,۲,True,True,True,۷۲٬۰۰۰٬۰۰۰ تومان,۱ ساعت پیش در تهران، دکتر هوشیار
۴۵,۱۳۹۴,۱,True,True,True,۵۳٬۳۳۳٬۰۰۰ تومان,۱ ساعت پیش در تهران، امیریه
۵۲,۱۳۸۲,۱,False,False,True,۷۶٬۹۲۳٬۰۰۰ تومان,۱ ساعت پیش در تهران، شهر زیبا
۵۹,۱۳۹۲,۱,True,True,True,۸۹٬۸۳۰٬۰۰۰ تومان,۱ ساعت پیش در تهران، تهرانپارس غربی
۱۳۳,۱۳۹۷,۳,True,True,True,۶۷٬۶۶۹٬۰۰۰ تومان,۱ ساعت پیش در تهران، خواجه نظام الملک
۶۵,۱۴۰۲,۲,True,False,True,۵۶٬۹۲۳٬۰۰۰ تومان,۱ ساعت پیش در تهران، هفت چنار
۱۳۳,۱۴۰۱,۳,True,True,True,۱۲۴٬۰۶۰٬۰۰۰ تومان,۱ ساعت پیش در تهران، عباس‌آباد
۱۵۳,۱۴۰۲,۳,True,True,True,۲۲۰٬۲۶۱٬۰۰۰ تومان,۱ ساعت پیش در تهران، شهرک غرب
۵۵,۱۴۰۰,۱,True,False,True,۷۴٬۵۴۵٬۰۰۰ تومان,۱ ساعت پیش در تهران، زاهد گیلانی
۸۵,۱۴۰۲,۲,True,True,True,۲۱٬۲۳۵٬۰۰۰ تومان,۱ ساعت پیش در تهران، مبارک‌آباد بهشتی
۶۸۰,۱۴۰۲,+۴,True,True,True,۹۵٬۵۸۸٬۰۰۰ تومان,۱ ساعت پیش در تهران، سرو آزاد
۹۵,۱۳۸۷,۲,True,True,True,۸۶٬۳۱۵٬۰۰۰ تومان,۱ ساعت پیش در تهران، مرزداران
۷۶,۱۳۸۷,۲,True,True,True,۶۷٬۷۶۳٬۰۰۰ تومان,۱ ساعت پیش در تهران، اوقاف
۷۰,۱۳۸۴,۲,False,False,True,۶۹٬۲۸۵٬۰۰۰ تومان,۱ ساعت پیش در تهران، پرستار
۹۱,۱۳۸۸,۲,True,True,True,۹۹٬۴۵۰٬۰۰۰ تومان,۱ ساعت پیش در تهران، اباذر
۴۵,۱۳۹۴,۱,True,True,True,۵۳٬۳۳۳٬۰۰۰ تومان,۱ ساعت پیش در تهران، امیریه
۵۲,۱۳۸۲,۱,False,False,True,۷۶٬۹۲۳٬۰۰۰ تومان,۱ ساعت پیش در تهران، شهر زیبا
۵۹,۱۳۹۲,۱,True,True,True,۸۹٬۸۳۰٬۰۰۰ تومان,۱ ساعت پیش در تهران، تهرانپارس غربی
۱۱۶,۱۳۸۸,۲,True,True,True,۸۷٬۰۶۸٬۰۰۰ تومان,۱ ساعت پیش در تهران، کوی فردوس
۵۵,۱۴۰۰,۱,True,False,True,۷۴٬۵۴۵٬۰۰۰ تومان,۱ ساعت پیش در تهران، زاهد گیلانی
۶۸۰,۱۴۰۲,+۴,True,True,True,۹۵٬۵۸۸٬۰۰۰ تومان,۱ ساعت پیش در تهران، سرو آزاد
۵۸,۱۴۰۲,۱,True,True,True,۱۲۰٬۶۸۹٬۰۰۰ تومان,۱ ساعت پیش در تهران، باغ فیض
۹۵,۱۳۸۷,۲,True,True,True,۸۶٬۳۱۵٬۰۰۰ تومان,۱ ساعت پیش در تهران، مرزداران
۷۶,۱۳۸۷,۲,True,True,True,۶۷٬۷۶۳٬۰۰۰ تومان,۱ ساعت پیش در تهران، اوقاف
۱۷۵,۱۴۰۲,۳,True,True,True,۱۴۲٬۸۵۷٬۰۰۰ تومان,۱ ساعت پیش در تهران، شهرک راه‌آهن
۹۱,۱۳۸۸,۲,True,True,True,۹۹٬۴۵۰٬۰۰۰ تومان,۱ ساعت پیش در تهران، اباذر
۴۹,۱۳۹۶,۱,True,False,True,۵۶٬۱۲۲٬۰۰۰ تومان,۱ ساعت پیش در تهران، سلسبیل
۵۲,۱۳۸۲,۱,False,False,True,۷۶٬۹۲۳٬۰۰۰ تومان,۱ ساعت پیش در تهران، شهر زیبا
۱۳۳,۱۳۹۷,۳,True,True,True,۶۷٬۶۶۹٬۰۰۰ تومان,۱ ساعت پیش در تهران، خواجه نظام الملک
۱۱۶,۱۳۸۸,۲,True,True,True,۸۷٬۰۶۸٬۰۰۰ تومان,۱ ساعت پیش در تهران، کوی فردوس
۱۵۳,۱۴۰۲,۳,True,True,True,۲۲۰٬۲۶۱٬۰۰۰ تومان,۱ ساعت پیش در تهران، شهرک غرب
۵۵,۱۴۰۰,۱,True,False,True,۷۴٬۵۴۵٬۰۰۰ تومان,۱ ساعت پیش در تهران، زاهد گیلانی
۸۵,۱۴۰۲,۲,True,True,True,۲۱٬۲۳۵٬۰۰۰ تومان,۱ ساعت پیش در تهران، مبارک‌آباد بهشتی
۶۸۰,۱۴۰۲,+۴,True,True,True,۹۵٬۵۸۸٬۰۰۰ تومان,۱ ساعت پیش در تهران، سرو آزاد
۵۸,۱۴۰۲,۱,True,True,True,۱۲۰٬۶۸۹٬۰۰۰ تومان,۱ ساعت پیش در تهران، باغ فیض
۹۵,۱۳۸۷,۲,True,True,True,۸۶٬۳۱۵٬۰۰۰ تومان,۱ ساعت پیش در تهران، مرزداران
۹۶,۱۳۹۶,۲,True,True,True,۴۸٬۵۰۰٬۰۰۰ تومان,۱ ساعت پیش در تهران، جوادیه
۱۷۵,۱۴۰۲,۳,True,True,True,۱۴۲٬۸۵۷٬۰۰۰ تومان,۱ ساعت پیش در تهران، شهرک راه‌آهن
۹۱,۱۳۸۸,۲,True,True,True,۹۹٬۴۵۰٬۰۰۰ تومان,۱ ساعت پیش در تهران، اباذر
۴۹,۱۳۹۶,۱,True,False,True,۵۶٬۱۲۲٬۰۰۰ تومان,۱ ساعت پیش در تهران، سلسبیل
۱۰۰,۱۴۰۱,۲,True,True,True,۷۲٬۰۰۰٬۰۰۰ تومان,۱ ساعت پیش در تهران، دکتر هوشیار
۴۵,۱۳۹۴,۱,True,True,True,۵۳٬۳۳۳٬۰۰۰ تومان,۱ ساعت پیش در تهران، امیریه
۵۲,۱۳۸۲,۱,False,False,True,۷۶٬۹۲۳٬۰۰۰ تومان,۱ ساعت پیش در تهران، شهر زیبا
۵۹,۱۳۹۲,۱,True,True,True,۸۹٬۸۳۰٬۰۰۰ تومان,۱ ساعت پیش در تهران، تهرانپارس غربی
۳۴,۱۳۹۱,۱,False,False,True,۷۹٬۴۱۱٬۰۰۰ تومان,۱ ساعت پیش در تهران، هفت حوض
۹۵,۱۴۰۱,۲,True,True,True,۱۰۵٬۲۶۳٬۰۰۰ تومان,۱ ساعت پیش در تهران، نارمک
۱۵۰,قبل از ۱۳۷۰,۲,False,True,True,۹۲٬۰۰۰٬۰۰۰ تومان,۱ ساعت پیش در تهران، هروی
۷۰,۱۳۸۸,۲,True,True,True,۸۴٬۲۸۵٬۰۰۰ تومان,۱ ساعت پیش در تهران، پونک
۱۴۰,۱۳۹۳,۳,True,True,True,۱۱۳٬۵۷۱٬۰۰۰ تومان,۱ ساعت پیش در تهران، اوین
۵۵,۱۳۸۳,۲,False,False,False,۳۵٬۴۵۴٬۰۰۰ تومان,۱ ساعت پیش در تهران، امیریه
۱۰۰,۱۳۹۶,۲,True,True,True,۱۳۱٬۰۰۰٬۰۰۰ تومان,۱ ساعت پیش در تهران، مرزداران
۱۶۰,۱۳۸۵,۳,True,True,True,۱۴۳٬۷۵۰٬۰۰۰ تومان,۱ ساعت پیش در تهران، شهرک غرب
۱۰۸,۱۳۷۲,۲,False,True,True,۴۵٬۰۰۰٬۰۰۰ تومان,۱ ساعت پیش در تهران، جمهوری
۱۳۵,۱۳۸۹,۳,True,True,True,۱۰۰٬۰۰۰٬۰۰۰ تومان,۱ ساعت پیش در تهران، سوهانک
۱۴۹,۱۴۰۲,۳,True,True,True,۵۵٬۰۰۰٬۰۰۰ تومان,۱ ساعت پیش در تهران، دولت‌آباد
۱۶۵,۱۳۹۹,۳,True,True,True,۲۱۶٬۹۶۹٬۰۰۰ تومان,۱ ساعت پیش در تهران، نیاوران
۱۸۵,۱۳۹۹,۳,True,True,True,۲۴۰٬۰۰۰٬۰۰۰ تومان,۱ ساعت پیش در تهران، سعادت‌آباد
۹۷,۱۳۸۲,۲,True,True,True,۱۰۰٬۰۰۰٬۰۰۰ تومان,۱ ساعت پیش در تهران، امیرآباد
۷۰,۱۳۹۴,۲,False,True,True,۲۳٬۵۷۱٬۰۰۰ تومان,۱ ساعت پیش در تهران، شهر زیبا
۶۷,۱۳۸۰,۲,False,False,True,۶۷٬۱۶۴٬۰۰۰ تومان,۱ ساعت پیش در تهران، دروازه شمیران
۱۸۳,۱۴۰۱,۳,True,True,True,۲۶۰٬۰۰۰٬۰۰۰ تومان,۱ ساعت پیش در تهران، یوسف‌آباد
۱۰۵,۱۴۰۲,۲,True,True,True,۴۷٬۱۴۲٬۰۰۰ تومان,۱ ساعت پیش در تهران، چیتگر
۸۵,۱۳۹۹,۲,True,True,True,۹۲٬۹۴۱٬۰۰۰ تومان,۱ ساعت پیش در تهران، تهرانپارس غربی
۹۷,۱۳۹۰,۲,True,True,True,۸۴٬۵۳۶٬۰۰۰ تومان,۱ ساعت پیش در تهران، تهرانپارس غربی
۳۶۷,۱۳۸۸,۴,True,True,True,۲۱۷٬۹۸۳٬۰۰۰ تومان,۱ ساعت پیش در تهران، زعفرانیه
۴۶,۱۳۷۵,۱,False,False,False,۵۳٬۹۱۳٬۰۰۰ تومان,۱ ساعت پیش در تهران، سلسبیل
۶۰,۱۳۹۴,۱,True,False,True,۴۸٬۱۶۶٬۰۰۰ تومان,۱ ساعت پیش در تهران، زنجان
۱۵۰,قبل از ۱۳۷۰,۲,False,True,True,۹۲٬۰۰۰٬۰۰۰ تومان,۱ ساعت پیش در تهران، هروی
۷۰,۱۳۸۸,۲,True,True,True,۸۴٬۲۸۵٬۰۰۰ تومان,۱ ساعت پیش در تهران، پونک
۱۴۰,۱۳۹۳,۳,True,True,True,۱۱۳٬۵۷۱٬۰۰۰ تومان,۱ ساعت پیش در تهران، اوین
۵۵,۱۳۸۳,۲,False,False,False,۳۵٬۴۵۴٬۰۰۰ تومان,۱ ساعت پیش در تهران، امیریه
۱۰۰,۱۳۹۶,۲,True,True,True,۱۳۱٬۰۰۰٬۰۰۰ تومان,۱ ساعت پیش در تهران، مرزداران
۱۰۸,۱۳۷۲,۲,False,True,True,۴۵٬۰۰۰٬۰۰۰ تومان,۱ ساعت پیش در تهران، جمهوری
۱۳۵,۱۳۸۹,۳,True,True,True,۱۰۰٬۰۰۰٬۰۰۰ تومان,۱ ساعت پیش در تهران، سوهانک
۱۴۹,۱۴۰۲,۳,True,True,True,۵۵٬۰۰۰٬۰۰۰ تومان,۱ ساعت پیش در تهران، دولت‌آباد
۱۶۵,۱۳۹۹,۳,True,True,True,۲۱۶٬۹۶۹٬۰۰۰ تومان,۱ ساعت پیش در تهران، نیاوران
۱۸۵,۱۳۹۹,۳,True,True,True,۲۴۰٬۰۰۰٬۰۰۰ تومان,۱ ساعت پیش در تهران، سعادت‌آباد
۹۷,۱۳۸۲,۲,True,True,True,۱۰۰٬۰۰۰٬۰۰۰ تومان,۱ ساعت پیش در تهران، امیرآباد
۷۰,۱۳۹۴,۲,False,True,True,۲۳٬۵۷۱٬۰۰۰ تومان,۱ ساعت پیش در تهران، شهر زیبا
۶۷,۱۳۸۰,۲,False,False,True,۶۷٬۱۶۴٬۰۰۰ تومان,۱ ساعت پیش در تهران، دروازه شمیران
۱۸۳,۱۴۰۱,۳,True,True,True,۲۶۰٬۰۰۰٬۰۰۰ تومان,۱ ساعت پیش در تهران، یوسف‌آباد
۱۰۵,۱۴۰۲,۲,True,True,True,۴۷٬۱۴۲٬۰۰۰ تومان,۱ ساعت پیش در تهران، چیتگر
۸۵,۱۳۹۹,۲,True,True,True,۹۲٬۹۴۱٬۰۰۰ تومان,۱ ساعت پیش در تهران، تهرانپارس غربی
۹۷,۱۳۹۰,۲,True,True,True,۸۴٬۵۳۶٬۰۰۰ تومان,۱ ساعت پیش در تهران، تهرانپارس غربی
۳۶۷,۱۳۸۸,۴,True,True,True,۲۱۷٬۹۸۳٬۰۰۰ تومان,۱ ساعت پیش در تهران، زعفرانیه
۴۶,۱۳۷۵,۱,False,False,False,۵۳٬۹۱۳٬۰۰۰ تومان,۱ ساعت پیش در تهران، سلسبیل
۱۵۵,۱۳۸۴,۳,True,True,True,۹۲٬۹۰۳٬۰۰۰ تومان,۱ ساعت پیش در تهران، جلفا
۱۵۰,قبل از ۱۳۷۰,۲,False,True,True,۹۲٬۰۰۰٬۰۰۰ تومان,۱ ساعت پیش در تهران، هروی
۷۰,۱۳۸۸,۲,True,True,True,۸۴٬۲۸۵٬۰۰۰ تومان,۱ ساعت پیش در تهران، پونک
۱۴۰,۱۳۹۳,۳,True,True,True,۱۱۳٬۵۷۱٬۰۰۰ تومان,۱ ساعت پیش در تهران، اوین
۵۵,۱۳۸۳,۲,False,False,False,۳۵٬۴۵۴٬۰۰۰ تومان,۱ ساعت پیش در تهران، امیریه
۱۰۰,۱۳۹۶,۲,True,True,True,۱۳۱٬۰۰۰٬۰۰۰ تومان,۱ ساعت پیش در تهران، مرزداران
۱۶۰,۱۳۸۵,۳,True,True,True,۱۴۳٬۷۵۰٬۰۰۰ تومان,۱ ساعت پیش در تهران، شهرک غرب
۶۵,۱۳۹۲,۱,True,True,True,۱۳۰٬۷۶۹٬۰۰۰ تومان,۱ ساعت پیش در تهران، سعادت‌آباد
۱۳۵,۱۳۸۹,۳,True,True,True,۱۰۰٬۰۰۰٬۰۰۰ تومان,۱ ساعت پیش در تهران، سوهانک
۱۴۹,۱۴۰۲,۳,True,True,True,۵۵٬۰۰۰٬۰۰۰ تومان,۱ ساعت پیش در تهران، دولت‌آباد
۱۶۵,۱۳۹۹,۳,True,True,True,۲۱۶٬۹۶۹٬۰۰۰ تومان,۱ ساعت پیش در تهران، نیاوران
۷۰,۱۳۹۴,۲,False,True,True,۲۳٬۵۷۱٬۰۰۰ تومان,۱ ساعت پیش در تهران، شهر زیبا
۱۸۳,۱۴۰۱,۳,True,True,True,۲۶۰٬۰۰۰٬۰۰۰ تومان,۱ ساعت پیش در تهران، یوسف‌آباد
۱۰۵,۱۴۰۲,۲,True,True,True,۴۷٬۱۴۲٬۰۰۰ تومان,۱ ساعت پیش در تهران، چیتگر
۸۵,۱۳۹۹,۲,True,True,True,۹۲٬۹۴۱٬۰۰۰ تومان,۱ ساعت پیش در تهران، تهرانپارس غربی
۹۷,۱۳۹۰,۲,True,True,True,۸۴٬۵۳۶٬۰۰۰ تومان,۱ ساعت پیش در تهران، تهرانپارس غربی
۶۰,۱۳۹۴,۱,True,False,True,۴۸٬۱۶۶٬۰۰۰ تومان,۱ ساعت پیش در تهران، زنجان
۸۰,۱۳۹۵,۲,True,True,True,۸۳٬۷۵۰٬۰۰۰ تومان,۱ ساعت پیش در تهران، سازمان برنامه
۱۵۵,۱۳۸۴,۳,True,True,True,۹۲٬۹۰۳٬۰۰۰ تومان,۱ ساعت پیش در تهران، جلفا
۱۵۰,قبل از ۱۳۷۰,۲,False,True,True,۹۲٬۰۰۰٬۰۰۰ تومان,۱ ساعت پیش در تهران، هروی
۷۰,۱۳۸۸,۲,True,True,True,۸۴٬۲۸۵٬۰۰۰ تومان,۱ ساعت پیش در تهران، پونک
۱۴۰,۱۳۹۳,۳,True,True,True,۱۱۳٬۵۷۱٬۰۰۰ تومان,۱ ساعت پیش در تهران، اوین
۵۵,۱۳۸۳,۲,False,False,False,۳۵٬۴۵۴٬۰۰۰ تومان,۱ ساعت پیش در تهران، امیریه
۱۰۰,۱۳۹۶,۲,True,True,True,۱۳۱٬۰۰۰٬۰۰۰ تومان,۱ ساعت پیش در تهران، مرزداران
۶۵,۱۳۹۲,۱,True,True,True,۱۳۰٬۷۶۹٬۰۰۰ تومان,۱ ساعت پیش در تهران، سعادت‌آباد
۱۴۹,۱۴۰۲,۳,True,True,True,۵۵٬۰۰۰٬۰۰۰ تومان,۱ ساعت پیش در تهران، دولت‌آباد
۱۶۵,۱۳۹۹,۳,True,True,True,۲۱۶٬۹۶۹٬۰۰۰ تومان,۱ ساعت پیش در تهران، نیاوران
۱۸۵,۱۳۹۹,۳,True,True,True,۲۴۰٬۰۰۰٬۰۰۰ تومان,۱ ساعت پیش در تهران، سعادت‌آباد
۶۷,۱۳۸۰,۲,False,False,True,۶۷٬۱۶۴٬۰۰۰ تومان,۱ ساعت پیش در تهران، دروازه شمیران
۱۸۳,۱۴۰۱,۳,True,True,True,۲۶۰٬۰۰۰٬۰۰۰ تومان,۱ ساعت پیش در تهران، یوسف‌آباد
۱۰۵,۱۴۰۲,۲,True,True,True,۴۷٬۱۴۲٬۰۰۰ تومان,۱ ساعت پیش در تهران، چیتگر
۴۶,۱۳۷۵,۱,False,False,False,۵۳٬۹۱۳٬۰۰۰ تومان,۱ ساعت پیش در تهران، سلسبیل
۸۰,۱۳۹۵,۲,True,True,True,۸۳٬۷۵۰٬۰۰۰ تومان,۱ ساعت پیش در تهران، سازمان برنامه
۱۴۰,۱۳۹۳,۳,True,True,True,۱۱۳٬۵۷۱٬۰۰۰ تومان,۱ ساعت پیش در تهران، اوین
۵۵,۱۳۸۳,۲,False,False,False,۳۵٬۴۵۴٬۰۰۰ تومان,۱ ساعت پیش در تهران، امیریه
۱۰۰,۱۳۹۶,۲,True,True,True,۱۳۱٬۰۰۰٬۰۰۰ تومان,۱ ساعت پیش در تهران، مرزداران
۱۶۰,۱۳۸۵,۳,True,True,True,۱۴۳٬۷۵۰٬۰۰۰ تومان,۱ ساعت پیش در تهران، شهرک غرب
۶۵,۱۳۹۲,۱,True,True,True,۱۳۰٬۷۶۹٬۰۰۰ تومان,۱ ساعت پیش در تهران، سعادت‌آباد
۱۰۸,۱۳۷۲,۲,False,True,True,۴۵٬۰۰۰٬۰۰۰ تومان,۱ ساعت پیش در تهران، جمهوری
۱۴۹,۱۴۰۲,۳,True,True,True,۵۵٬۰۰۰٬۰۰۰ تومان,۱ ساعت پیش در تهران، دولت‌آباد
۷۰,۱۳۹۴,۲,False,True,True,۲۳٬۵۷۱٬۰۰۰ تومان,۱ ساعت پیش در تهران، شهر زیبا
۶۷,۱۳۸۰,۲,False,False,True,۶۷٬۱۶۴٬۰۰۰ تومان,۱ ساعت پیش در تهران، دروازه شمیران
۱۸۳,۱۴۰۱,۳,True,True,True,۲۶۰٬۰۰۰٬۰۰۰ تومان,۱ ساعت پیش در تهران، یوسف‌آباد
۴۶,۱۳۷۵,۱,False,False,False,۵۳٬۹۱۳٬۰۰۰ تومان,۱ ساعت پیش در تهران، سلسبیل
۶۰,۱۳۹۴,۱,True,False,True,۴۸٬۱۶۶٬۰۰۰ تومان,۱ ساعت پیش در تهران، زنجان
۸۰,۱۳۹۵,۲,True,True,True,۸۳٬۷۵۰٬۰۰۰ تومان,۱ ساعت پیش در تهران، سازمان برنامه
۱۵۵,۱۳۸۴,۳,True,True,True,۹۲٬۹۰۳٬۰۰۰ تومان,۱ ساعت پیش در تهران، جلفا
۱۵۰,قبل از ۱۳۷۰,۲,False,True,True,۹۲٬۰۰۰٬۰۰۰ تومان,۱ ساعت پیش در تهران، هروی
۷۰,۱۳۸۸,۲,True,True,True,۸۴٬۲۸۵٬۰۰۰ تومان,۱ ساعت پیش در تهران، پونک
۱۴۰,۱۳۹۳,۳,True,True,True,۱۱۳٬۵۷۱٬۰۰۰ تومان,۱ ساعت پیش در تهران، اوین
۵۵,۱۳۸۳,۲,False,False,False,۳۵٬۴۵۴٬۰۰۰ تومان,۱ ساعت پیش در تهران، امیریه
۱۶۰,۱۳۸۵,۳,True,True,True,۱۴۳٬۷۵۰٬۰۰۰ تومان,۱ ساعت پیش در تهران، شهرک غرب
۱۳۵,۱۳۸۹,۳,True,True,True,۱۰۰٬۰۰۰٬۰۰۰ تومان,۱ ساعت پیش در تهران، سوهانک
۱۴۹,۱۴۰۲,۳,True,True,True,۵۵٬۰۰۰٬۰۰۰ تومان,۱ ساعت پیش در تهران، دولت‌آباد
۱۸۵,۱۳۹۹,۳,True,True,True,۲۴۰٬۰۰۰٬۰۰۰ تومان,۱ ساعت پیش در تهران، سعادت‌آباد
۱۰۵,۱۴۰۲,۲,True,True,True,۴۷٬۱۴۲٬۰۰۰ تومان,۱ ساعت پیش در تهران، چیتگر
۹۷,۱۳۹۰,۲,True,True,True,۸۴٬۵۳۶٬۰۰۰ تومان,۱ ساعت پیش در تهران، تهرانپارس غربی
۶۰,۱۳۹۴,۱,True,False,True,۴۸٬۱۶۶٬۰۰۰ تومان,۱ ساعت پیش در تهران، زنجان
۸۰,۱۳۹۵,۲,True,True,True,۸۳٬۷۵۰٬۰۰۰ تومان,۱ ساعت پیش در تهران، سازمان برنامه
۷۰,۱۳۸۸,۲,True,True,True,۸۴٬۲۸۵٬۰۰۰ تومان,۱ ساعت پیش در تهران، پونک
۱۴۰,۱۳۹۳,۳,True,True,True,۱۱۳٬۵۷۱٬۰۰۰ تومان,۱ ساعت پیش در تهران، اوین
۵۵,۱۳۸۳,۲,False,False,False,۳۵٬۴۵۴٬۰۰۰ تومان,۱ ساعت پیش در تهران، امیریه
۱۰۰,۱۳۹۶,۲,True,True,True,۱۳۱٬۰۰۰٬۰۰۰ تومان,۱ ساعت پیش در تهران، مرزداران
۱۶۰,۱۳۸۵,۳,True,True,True,۱۴۳٬۷۵۰٬۰۰۰ تومان,۱ ساعت پیش در تهران، شهرک غرب
۶۵,۱۳۹۲,۱,True,True,True,۱۳۰٬۷۶۹٬۰۰۰ تومان,۱ ساعت پیش در تهران، سعادت‌آباد
۱۰۸,۱۳۷۲,۲,False,True,True,۴۵٬۰۰۰٬۰۰۰ تومان,۱ ساعت پیش در تهران، جمهوری
۱۳۵,۱۳۸۹,۳,True,True,True,۱۰۰٬۰۰۰٬۰۰۰ تومان,۱ ساعت پیش در تهران، سوهانک
۱۴۹,۱۴۰۲,۳,True,True,True,۵۵٬۰۰۰٬۰۰۰ تومان,۱ ساعت پیش در تهران، دولت‌آباد
۱۶۵,۱۳۹۹,۳,True,True,True,۲۱۶٬۹۶۹٬۰۰۰ تومان,۱ ساعت پیش در تهران، نیاوران
۱۸۵,۱۳۹۹,۳,True,True,True,۲۴۰٬۰۰۰٬۰۰۰ تومان,۱ ساعت پیش در تهران، سعادت‌آباد
۶۷,۱۳۸۰,۲,False,False,True,۶۷٬۱۶۴٬۰۰۰ تومان,۱ ساعت پیش در تهران، دروازه شمیران
۳۶۷,۱۳۸۸,۴,True,True,True,۲۱۷٬۹۸۳٬۰۰۰ تومان,۱ ساعت پیش در تهران، زعفرانیه
۴۶,۱۳۷۵,۱,False,False,False,۵۳٬۹۱۳٬۰۰۰ تومان,۱ ساعت پیش در تهران، سلسبیل
۶۰,۱۳۹۴,۱,True,False,True,۴۸٬۱۶۶٬۰۰۰ تومان,۱ ساعت پیش در تهران، زنجان
۸۰,۱۳۹۵,۲,True,True,True,۸۳٬۷۵۰٬۰۰۰ تومان,۱ ساعت پیش در تهران، سازمان برنامه
۱۵۵,۱۳۸۴,۳,True,True,True,۹۲٬۹۰۳٬۰۰۰ تومان,۱ ساعت پیش در تهران، جلفا
۱۴۰,۱۳۹۳,۳,True,True,True,۱۱۳٬۵۷۱٬۰۰۰ تومان,۱ ساعت پیش در تهران، اوین
۱۶۰,۱۳۸۵,۳,True,True,True,۱۴۳٬۷۵۰٬۰۰۰ تومان,۱ ساعت پیش در تهران، شهرک غرب
۱۴۹,۱۴۰۲,۳,True,True,True,۵۵٬۰۰۰٬۰۰۰ تومان,۱ ساعت پیش در تهران، دولت‌آباد
۷۰,۱۳۹۴,۲,False,True,True,۲۳٬۵۷۱٬۰۰۰ تومان,۱ ساعت پیش در تهران، شهر زیبا
۱۰۵,۱۴۰۲,۲,True,True,True,۴۷٬۱۴۲٬۰۰۰ تومان,۱ ساعت پیش در تهران، چیتگر
۸۵,۱۳۹۹,۲,True,True,True,۹۲٬۹۴۱٬۰۰۰ تومان,۱ ساعت پیش در تهران، تهرانپارس غربی
۳۶۷,۱۳۸۸,۴,True,True,True,۲۱۷٬۹۸۳٬۰۰۰ تومان,۱ ساعت پیش در تهران، زعفرانیه
۱۵۵,۱۳۸۴,۳,True,True,True,۹۲٬۹۰۳٬۰۰۰ تومان,۱ ساعت پیش در تهران، جلفا
۱۵۰,قبل از ۱۳۷۰,۲,False,True,True,۹۲٬۰۰۰٬۰۰۰ تومان,۱ ساعت پیش در تهران، هروی
۷۰,۱۳۸۸,۲,True,True,True,۸۴٬۲۸۵٬۰۰۰ تومان,۱ ساعت پیش در تهران، پونک
۱۴۰,۱۳۹۳,۳,True,True,True,۱۱۳٬۵۷۱٬۰۰۰ تومان,۱ ساعت پیش در تهران، اوین
۱۶۰,۱۳۸۵,۳,True,True,True,۱۴۳٬۷۵۰٬۰۰۰ تومان,۱ ساعت پیش در تهران، شهرک غرب
۱۰۸,۱۳۷۲,۲,False,True,True,۴۵٬۰۰۰٬۰۰۰ تومان,۱ ساعت پیش در تهران، جمهوری
۱۳۵,۱۳۸۹,۳,True,True,True,۱۰۰٬۰۰۰٬۰۰۰ تومان,۱ ساعت پیش در تهران، سوهانک
۱۸۵,۱۳۹۹,۳,True,True,True,۲۴۰٬۰۰۰٬۰۰۰ تومان,۱ ساعت پیش در تهران، سعادت‌آباد
۹۷,۱۳۸۲,۲,True,True,True,۱۰۰٬۰۰۰٬۰۰۰ تومان,۱ ساعت پیش در تهران، امیرآباد
۷۰,۱۳۹۴,۲,False,True,True,۲۳٬۵۷۱٬۰۰۰ تومان,۱ ساعت پیش در تهران، شهر زیبا
۱۰۵,۱۴۰۲,۲,True,True,True,۴۷٬۱۴۲٬۰۰۰ تومان,۱ ساعت پیش در تهران، چیتگر
۸۵,۱۳۹۹,۲,True,True,True,۹۲٬۹۴۱٬۰۰۰ تومان,۱ ساعت پیش در تهران، تهرانپارس غربی
۴۶,۱۳۷۵,۱,False,False,False,۵۳٬۹۱۳٬۰۰۰ تومان,۱ ساعت پیش در تهران، سلسبیل
۶۰,۱۳۹۴,۱,True,False,True,۴۸٬۱۶۶٬۰۰۰ تومان,۱ ساعت پیش در تهران، زنجان
۱۵۵,۱۳۸۴,۳,True,True,True,۹۲٬۹۰۳٬۰۰۰ تومان,۱ ساعت پیش در تهران، جلفا
۱۵۰,قبل از ۱۳۷۰,۲,False,True,True,۹۲٬۰۰۰٬۰۰۰ تومان,۱ ساعت پیش در تهران، هروی
۷۰,۱۳۸۸,۲,True,True,True,۸۴٬۲۸۵٬۰۰۰ تومان,۱ ساعت پیش در تهران، پونک
۱۴۰,۱۳۹۳,۳,True,True,True,۱۱۳٬۵۷۱٬۰۰۰ تومان,۱ ساعت پیش در تهران، اوین
۵۵,۱۳۸۳,۲,False,False,False,۳۵٬۴۵۴٬۰۰۰ تومان,۱ ساعت پیش در تهران، امیریه
۱۰۰,۱۳۹۶,۲,True,True,True,۱۳۱٬۰۰۰٬۰۰۰ تومان,۱ ساعت پیش در تهران، مرزداران
۱۶۰,۱۳۸۵,۳,True,True,True,۱۴۳٬۷۵۰٬۰۰۰ تومان,۱ ساعت پیش در تهران، شهرک غرب
۱۳۵,۱۳۸۹,۳,True,True,True,۱۰۰٬۰۰۰٬۰۰۰ تومان,۱ ساعت پیش در تهران، سوهانک
۱۴۹,۱۴۰۲,۳,True,True,True,۵۵٬۰۰۰٬۰۰۰ تومان,۱ ساعت پیش در تهران، دولت‌آباد
۱۸۵,۱۳۹۹,۳,True,True,True,۲۴۰٬۰۰۰٬۰۰۰ تومان,۱ ساعت پیش در تهران، سعادت‌آباد
۹۷,۱۳۸۲,۲,True,True,True,۱۰۰٬۰۰۰٬۰۰۰ تومان,۱ ساعت پیش در تهران، امیرآباد
۷۰,۱۳۹۴,۲,False,True,True,۲۳٬۵۷۱٬۰۰۰ تومان,۱ ساعت پیش در تهران، شهر زیبا
۶۷,۱۳۸۰,۲,False,False,True,۶۷٬۱۶۴٬۰۰۰ تومان,۱ ساعت پیش در تهران، دروازه شمیران
۱۰۵,۱۴۰۲,۲,True,True,True,۴۷٬۱۴۲٬۰۰۰ تومان,۱ ساعت پیش در تهران، چیتگر
۹۷,۱۳۹۰,۲,True,True,True,۸۴٬۵۳۶٬۰۰۰ تومان,۱ ساعت پیش در تهران، تهرانپارس غربی
۴۶,۱۳۷۵,۱,False,False,False,۵۳٬۹۱۳٬۰۰۰ تومان,۱ ساعت پیش در تهران، سلسبیل
۶۰,۱۳۹۴,۱,True,False,True,۴۸٬۱۶۶٬۰۰۰ تومان,۱ ساعت پیش در تهران، زنجان
۸۰,۱۳۹۵,۲,True,True,True,۸۳٬۷۵۰٬۰۰۰ تومان,۱ ساعت پیش در تهران، سازمان برنامه
۱۵۵,۱۳۸۴,۳,True,True,True,۹۲٬۹۰۳٬۰۰۰ تومان,۱ ساعت پیش در تهران، جلفا
۱۳۸,۱۳۸۵,۳,False,True,True,۱۰۸٬۶۹۵٬۰۰۰ تومان,۱ ساعت پیش در تهران، یوسف‌آباد
۱۱۲,۱۴۰۲,۲,True,True,True,۱۵۰٬۰۰۰٬۰۰۰ تومان,۱ ساعت پیش در تهران، یوسف‌آباد
۱۰۴,۱۳۹۰,۳,True,True,True,۸۵٬۵۷۶٬۰۰۰ تومان,۱ ساعت پیش در تهران، پیروزی
۶۰,۱۳۹۵,۱,True,True,True,۱۱۰٬۰۰۰٬۰۰۰ تومان,۱ ساعت پیش در تهران، هروی
۱۰۷,۱۴۰۲,۲,True,True,False,۴۳٬۴۵۷٬۰۰۰ تومان,۱ ساعت پیش در تهران، امام سجاد(ع)
۷۲,۱۳۸۶,۲,False,True,True,۵۴٬۱۶۶٬۰۰۰ تومان,۱ ساعت پیش در تهران، هوانیروز
۱۰۰,۱۴۰۲,۲,True,True,True,۱۲٬۰۰۰٬۰۰۰ تومان,۱ ساعت پیش در تهران، چیتگر
۱۵۲,۱۴۰۲,۳,True,True,True,۱۰۰٬۰۰۰٬۰۰۰ تومان,۱ ساعت پیش در تهران، آهنگ
۷۲,۱۴۰۰,۲,True,True,False,۴۱٬۶۶۶٬۰۰۰ تومان,۱ ساعت پیش در تهران، طیب
۴۱,۱۳۸۴,۱,False,False,True,۷۹٬۲۶۸٬۰۰۰ تومان,۱ ساعت پیش در تهران، طرشت
۹۴,۱۳۹۴,۲,True,True,True,۸۸٬۲۹۷٬۰۰۰ تومان,۱ ساعت پیش در تهران، ستارخان
۵۰,۱۳۸۱,۱,False,False,True,۸۲٬۰۰۰٬۰۰۰ تومان,۱ ساعت پیش در تهران، شهرک پرواز
۵۵,۱۳۸۷,۱,False,True,True,۴۶٬۳۶۳٬۰۰۰ تومان,۱ ساعت پیش در تهران، آذربایجان
۵۵,۱۳۸۵,۱,False,False,True,۹۶٬۳۶۳٬۰۰۰ تومان,۱ ساعت پیش در تهران، تهران‌ویلا
۸۰,۱۳۹۸,۲,True,True,True,۱۱٬۲۵۰٬۰۰۰ تومان,۱ ساعت پیش در تهران، اندیشه (شهر زیبا)
۹۸,۱۳۸۸,۲,True,True,True,۵۹٬۱۸۳٬۰۰۰ تومان,۱ ساعت پیش در تهران، نازی‌آباد
۱۳۸,۱۳۸۵,۳,False,True,True,۱۰۸٬۶۹۵٬۰۰۰ تومان,۱ ساعت پیش در تهران، یوسف‌آباد
۱۱۲,۱۴۰۲,۲,True,True,True,۱۵۰٬۰۰۰٬۰۰۰ تومان,۱ ساعت پیش در تهران، یوسف‌آباد
۱۲۰,۱۳۹۲,۳,True,True,True,۱۷۵٬۰۰۰٬۰۰۰ تومان,۱ ساعت پیش در تهران، فرمانیه
۶۰,۱۳۹۵,۱,True,True,True,۱۱۰٬۰۰۰٬۰۰۰ تومان,۱ ساعت پیش در تهران، هروی
۷۲,۱۳۸۶,۲,False,True,True,۵۴٬۱۶۶٬۰۰۰ تومان,۱ ساعت پیش در تهران، هوانیروز
۱۰۵,۱۴۰۲,۲,True,True,True,۱۵٬۲۳۸٬۰۰۰ تومان,۱ ساعت پیش در تهران، چیتگر
۹۲,۱۳۹۸,۲,True,True,True,۷۷٬۷۱۷٬۰۰۰ تومان,۱ ساعت پیش در تهران، دکتر هوشیار
۴۱,۱۳۸۴,۱,False,False,True,۷۹٬۲۶۸٬۰۰۰ تومان,۱ ساعت پیش در تهران، طرشت
۵۰,۱۳۸۱,۱,False,False,True,۸۲٬۰۰۰٬۰۰۰ تومان,۱ ساعت پیش در تهران، شهرک پرواز
۵۵,۱۳۸۵,۱,False,False,True,۹۶٬۳۶۳٬۰۰۰ تومان,۱ ساعت پیش در تهران، تهران‌ویلا
۲۳۳,۱۳۸۶,۳,True,True,True,۱۳۴٬۴۷۶٬۰۰۰ تومان,۱ ساعت پیش در تهران، پاسداران
۸۰,۱۳۹۸,۲,True,True,True,۱۱٬۲۵۰٬۰۰۰ تومان,۱ ساعت پیش در تهران، اندیشه (شهر زیبا)
۹۸,۱۳۸۸,۲,True,True,True,۵۹٬۱۸۳٬۰۰۰ تومان,۱ ساعت پیش در تهران، نازی‌آباد
۱۱۰,۱۴۰۱,۲,True,True,True,۱۱۸٬۱۸۱٬۰۰۰ تومان,۱ ساعت پیش در تهران، فاطمی
۱۱۲,۱۴۰۲,۲,True,True,True,۱۵۰٬۰۰۰٬۰۰۰ تومان,۱ ساعت پیش در تهران، یوسف‌آباد
۱۲۰,۱۳۹۲,۳,True,True,True,۱۷۵٬۰۰۰٬۰۰۰ تومان,۱ ساعت پیش در تهران، فرمانیه
۱۰۴,۱۳۹۰,۳,True,True,True,۸۵٬۵۷۶٬۰۰۰ تومان,۱ ساعت پیش در تهران، پیروزی
۷۲,۱۳۸۶,۲,False,True,True,۵۴٬۱۶۶٬۰۰۰ تومان,۱ ساعت پیش در تهران، هوانیروز
۱۰۰,۱۴۰۲,۲,True,True,True,۱۲٬۰۰۰٬۰۰۰ تومان,۱ ساعت پیش در تهران، چیتگر
۲۸۵,۱۴۰۰,۴,True,True,True,۲۹۸٬۲۴۵٬۰۰۰ تومان,۱ ساعت پیش در تهران، نیاوران
۱۰۵,۱۴۰۲,۲,True,True,True,۱۵٬۲۳۸٬۰۰۰ تومان,۱ ساعت پیش در تهران، چیتگر
۱۵۲,۱۴۰۲,۳,True,True,True,۱۰۰٬۰۰۰٬۰۰۰ تومان,۱ ساعت پیش در تهران، آهنگ
۹۲,۱۳۹۸,۲,True,True,True,۷۷٬۷۱۷٬۰۰۰ تومان,۱ ساعت پیش در تهران، دکتر هوشیار
۷۲,۱۴۰۰,۲,True,True,False,۴۱٬۶۶۶٬۰۰۰ تومان,۱ ساعت پیش در تهران، طیب
۴۱,۱۳۸۴,۱,False,False,True,۷۹٬۲۶۸٬۰۰۰ تومان,۱ ساعت پیش در تهران، طرشت
۹۴,۱۳۹۴,۲,True,True,True,۸۸٬۲۹۷٬۰۰۰ تومان,۱ ساعت پیش در تهران، ستارخان
۱۲۵,۱۳۹۳,۲,True,False,False,۳۹٬۲۰۰٬۰۰۰ تومان,۱ ساعت پیش در تهران، خاک سفید
۵۰,۱۳۸۱,۱,False,False,True,۸۲٬۰۰۰٬۰۰۰ تومان,۱ ساعت پیش در تهران، شهرک پرواز
۵۵,۱۳۸۷,۱,False,True,True,۴۶٬۳۶۳٬۰۰۰ تومان,۱ ساعت پیش در تهران، آذربایجان
۵۵,۱۳۸۵,۱,False,False,True,۹۶٬۳۶۳٬۰۰۰ تومان,۱ ساعت پیش در تهران، تهران‌ویلا
۲۳۳,۱۳۸۶,۳,True,True,True,۱۳۴٬۴۷۶٬۰۰۰ تومان,۱ ساعت پیش در تهران، پاسداران
۸۰,۱۳۹۸,۲,True,True,True,۱۱٬۲۵۰٬۰۰۰ تومان,۱ ساعت پیش در تهران، اندیشه (شهر زیبا)
۵۱,۱۳۷۹,۱,False,False,True,۵۱٬۹۶۰٬۰۰۰ تومان,۱ ساعت پیش در تهران، جیحون
۹۸,۱۳۸۸,۲,True,True,True,۵۹٬۱۸۳٬۰۰۰ تومان,۱ ساعت پیش در تهران، نازی‌آباد
۱۱۰,۱۴۰۱,۲,True,True,True,۱۱۸٬۱۸۱٬۰۰۰ تومان,۱ ساعت پیش در تهران، فاطمی
۱۲۰,۱۳۹۲,۳,True,True,True,۱۷۵٬۰۰۰٬۰۰۰ تومان,۱ ساعت پیش در تهران، فرمانیه
۱۰۴,۱۳۹۰,۳,True,True,True,۸۵٬۵۷۶٬۰۰۰ تومان,۱ ساعت پیش در تهران، پیروزی
۶۰,۱۳۹۵,۱,True,True,True,۱۱۰٬۰۰۰٬۰۰۰ تومان,۱ ساعت پیش در تهران، هروی
۱۰۷,۱۴۰۲,۲,True,True,False,۴۳٬۴۵۷٬۰۰۰ تومان,۱ ساعت پیش در تهران، امام سجاد(ع)
۷۲,۱۳۸۶,۲,False,True,True,۵۴٬۱۶۶٬۰۰۰ تومان,۱ ساعت پیش در تهران، هوانیروز
۱۰۰,۱۴۰۲,۲,True,True,True,۱۲٬۰۰۰٬۰۰۰ تومان,۱ ساعت پیش در تهران، چیتگر
۲۸۵,۱۴۰۰,۴,True,True,True,۲۹۸٬۲۴۵٬۰۰۰ تومان,۱ ساعت پیش در تهران، نیاوران
۱۰۵,۱۴۰۲,۲,True,True,True,۱۵٬۲۳۸٬۰۰۰ تومان,۱ ساعت پیش در تهران، چیتگر
۱۵۲,۱۴۰۲,۳,True,True,True,۱۰۰٬۰۰۰٬۰۰۰ تومان,۱ ساعت پیش در تهران، آهنگ
۹۲,۱۳۹۸,۲,True,True,True,۷۷٬۷۱۷٬۰۰۰ تومان,۱ ساعت پیش در تهران، دکتر هوشیار
۷۲,۱۴۰۰,۲,True,True,False,۴۱٬۶۶۶٬۰۰۰ تومان,۱ ساعت پیش در تهران، طیب
۴۱,۱۳۸۴,۱,False,False,True,۷۹٬۲۶۸٬۰۰۰ تومان,۱ ساعت پیش در تهران، طرشت
۹۴,۱۳۹۴,۲,True,True,True,۸۸٬۲۹۷٬۰۰۰ تومان,۱ ساعت پیش در تهران، ستارخان
۱۲۵,۱۳۹۳,۲,True,False,False,۳۹٬۲۰۰٬۰۰۰ تومان,۱ ساعت پیش در تهران، خاک سفید
۵۰,۱۳۸۱,۱,False,False,True,۸۲٬۰۰۰٬۰۰۰ تومان,۱ ساعت پیش در تهران، شهرک پرواز
۵۵,۱۳۸۷,۱,False,True,True,۴۶٬۳۶۳٬۰۰۰ تومان,۱ ساعت پیش در تهران، آذربایجان
۵۵,۱۳۸۵,۱,False,False,True,۹۶٬۳۶۳٬۰۰۰ تومان,۱ ساعت پیش در تهران، تهران‌ویلا
۲۳۳,۱۳۸۶,۳,True,True,True,۱۳۴٬۴۷۶٬۰۰۰ تومان,۱ ساعت پیش در تهران، پاسداران
۹۸,۱۳۸۸,۲,True,True,True,۵۹٬۱۸۳٬۰۰۰ تومان,۱ ساعت پیش در تهران، نازی‌آباد
۱۱۰,۱۴۰۱,۲,True,True,True,۱۱۸٬۱۸۱٬۰۰۰ تومان,۱ ساعت پیش در تهران، فاطمی
۱۳۸,۱۳۸۵,۳,False,True,True,۱۰۸٬۶۹۵٬۰۰۰ تومان,۱ ساعت پیش در تهران، یوسف‌آباد
۱۱۲,۱۴۰۲,۲,True,True,True,۱۵۰٬۰۰۰٬۰۰۰ تومان,۱ ساعت پیش در تهران، یوسف‌آباد
۱۰۴,۱۳۹۰,۳,True,True,True,۸۵٬۵۷۶٬۰۰۰ تومان,۱ ساعت پیش در تهران، پیروزی
۷۲,۱۳۸۶,۲,False,True,True,۵۴٬۱۶۶٬۰۰۰ تومان,۱ ساعت پیش در تهران، هوانیروز
۱۰۰,۱۴۰۲,۲,True,True,True,۱۲٬۰۰۰٬۰۰۰ تومان,۱ ساعت پیش در تهران، چیتگر
۹۲,۱۳۹۸,۲,True,True,True,۷۷٬۷۱۷٬۰۰۰ تومان,۱ ساعت پیش در تهران، دکتر هوشیار
۷۲,۱۴۰۰,۲,True,True,False,۴۱٬۶۶۶٬۰۰۰ تومان,۱ ساعت پیش در تهران، طیب
۴۱,۱۳۸۴,۱,False,False,True,۷۹٬۲۶۸٬۰۰۰ تومان,۲ ساعت پیش در تهران، طرشت
۹۴,۱۳۹۴,۲,True,True,True,۸۸٬۲۹۷٬۰۰۰ تومان,۲ ساعت پیش در تهران، ستارخان
۱۲۵,۱۳۹۳,۲,True,False,False,۳۹٬۲۰۰٬۰۰۰ تومان,۲ ساعت پیش در تهران، خاک سفید
۵۵,۱۳۸۵,۱,False,False,True,۹۶٬۳۶۳٬۰۰۰ تومان,۲ ساعت پیش در تهران، تهران‌ویلا
۸۰,۱۳۹۸,۲,True,True,True,۱۱٬۲۵۰٬۰۰۰ تومان,۲ ساعت پیش در تهران، اندیشه (شهر زیبا)
۵۱,۱۳۷۹,۱,False,False,True,۵۱٬۹۶۰٬۰۰۰ تومان,۲ ساعت پیش در تهران، جیحون
۹۸,۱۳۸۸,۲,True,True,True,۵۹٬۱۸۳٬۰۰۰ تومان,۲ ساعت پیش در تهران، نازی‌آباد
۱۱۰,۱۴۰۱,۲,True,True,True,۱۱۸٬۱۸۱٬۰۰۰ تومان,۲ ساعت پیش در تهران، فاطمی
۱۳۸,۱۳۸۵,۳,False,True,True,۱۰۸٬۶۹۵٬۰۰۰ تومان,۲ ساعت پیش در تهران، یوسف‌آباد
۱۱۲,۱۴۰۲,۲,True,True,True,۱۵۰٬۰۰۰٬۰۰۰ تومان,۲ ساعت پیش در تهران، یوسف‌آباد
۱۲۰,۱۳۹۲,۳,True,True,True,۱۷۵٬۰۰۰٬۰۰۰ تومان,۲ ساعت پیش در تهران، فرمانیه
۱۰۷,۱۴۰۲,۲,True,True,False,۴۳٬۴۵۷٬۰۰۰ تومان,۲ ساعت پیش در تهران، امام سجاد(ع)
۷۲,۱۳۸۶,۲,False,True,True,۵۴٬۱۶۶٬۰۰۰ تومان,۲ ساعت پیش در تهران، هوانیروز
۱۰۰,۱۴۰۲,۲,True,True,True,۱۲٬۰۰۰٬۰۰۰ تومان,۲ ساعت پیش در تهران، چیتگر
۲۸۵,۱۴۰۰,۴,True,True,True,۲۹۸٬۲۴۵٬۰۰۰ تومان,۲ ساعت پیش در تهران، نیاوران
۹۲,۱۳۹۸,۲,True,True,True,۷۷٬۷۱۷٬۰۰۰ تومان,۲ ساعت پیش در تهران، دکتر هوشیار
۷۲,۱۴۰۰,۲,True,True,False,۴۱٬۶۶۶٬۰۰۰ تومان,۲ ساعت پیش در تهران، طیب
۴۱,۱۳۸۴,۱,False,False,True,۷۹٬۲۶۸٬۰۰۰ تومان,۲ ساعت پیش در تهران، طرشت
۹۴,۱۳۹۴,۲,True,True,True,۸۸٬۲۹۷٬۰۰۰ تومان,۲ ساعت پیش در تهران، ستارخان
۱۲۵,۱۳۹۳,۲,True,False,False,۳۹٬۲۰۰٬۰۰۰ تومان,۲ ساعت پیش در تهران، خاک سفید
۵۰,۱۳۸۱,۱,False,False,True,۸۲٬۰۰۰٬۰۰۰ تومان,۲ ساعت پیش در تهران، شهرک پرواز
۵۵,۱۳۸۷,۱,False,True,True,۴۶٬۳۶۳٬۰۰۰ تومان,۲ ساعت پیش در تهران، آذربایجان
۵۵,۱۳۸۵,۱,False,False,True,۹۶٬۳۶۳٬۰۰۰ تومان,۲ ساعت پیش در تهران، تهران‌ویلا
۲۳۳,۱۳۸۶,۳,True,True,True,۱۳۴٬۴۷۶٬۰۰۰ تومان,۲ ساعت پیش در تهران، پاسداران
۸۰,۱۳۹۸,۲,True,True,True,۱۱٬۲۵۰٬۰۰۰ تومان,۲ ساعت پیش در تهران، اندیشه (شهر زیبا)
۱۱۰,۱۴۰۱,۲,True,True,True,۱۱۸٬۱۸۱٬۰۰۰ تومان,۲ ساعت پیش در تهران، فاطمی
۱۳۸,۱۳۸۵,۳,False,True,True,۱۰۸٬۶۹۵٬۰۰۰ تومان,۲ ساعت پیش در تهران، یوسف‌آباد
۱۱۲,۱۴۰۲,۲,True,True,True,۱۵۰٬۰۰۰٬۰۰۰ تومان,۲ ساعت پیش در تهران، یوسف‌آباد
۶۰,۱۳۹۵,۱,True,True,True,۱۱۰٬۰۰۰٬۰۰۰ تومان,۲ ساعت پیش در تهران، هروی
۱۰۷,۱۴۰۲,۲,True,True,False,۴۳٬۴۵۷٬۰۰۰ تومان,۲ ساعت پیش در تهران، امام سجاد(ع)
۱۰۵,۱۴۰۲,۲,True,True,True,۱۵٬۲۳۸٬۰۰۰ تومان,۲ ساعت پیش در تهران، چیتگر
۹۲,۱۳۹۸,۲,True,True,True,۷۷٬۷۱۷٬۰۰۰ تومان,۲ ساعت پیش در تهران، دکتر هوشیار
۵۰,۱۳۸۱,۱,False,False,True,۸۲٬۰۰۰٬۰۰۰ تومان,۲ ساعت پیش در تهران، شهرک پرواز
۵۵,۱۳۸۵,۱,False,False,True,۹۶٬۳۶۳٬۰۰۰ تومان,۲ ساعت پیش در تهران، تهران‌ویلا
۹۸,۱۳۸۸,۲,True,True,True,۵۹٬۱۸۳٬۰۰۰ تومان,۲ ساعت پیش در تهران، نازی‌آباد
۱۲۰,۱۳۹۲,۳,True,True,True,۱۷۵٬۰۰۰٬۰۰۰ تومان,۲ ساعت پیش در تهران، فرمانیه
۱۰۴,۱۳۹۰,۳,True,True,True,۸۵٬۵۷۶٬۰۰۰ تومان,۲ ساعت پیش در تهران، پیروزی
۶۰,۱۳۹۵,۱,True,True,True,۱۱۰٬۰۰۰٬۰۰۰ تومان,۲ ساعت پیش در تهران، هروی
۱۰۵,۱۴۰۲,۲,True,True,True,۱۵٬۲۳۸٬۰۰۰ تومان,۲ ساعت پیش در تهران، چیتگر
۱۵۲,۱۴۰۲,۳,True,True,True,۱۰۰٬۰۰۰٬۰۰۰ تومان,۲ ساعت پیش در تهران، آهنگ
۴۱,۱۳۸۴,۱,False,False,True,۷۹٬۲۶۸٬۰۰۰ تومان,۲ ساعت پیش در تهران، طرشت
۹۴,۱۳۹۴,۲,True,True,True,۸۸٬۲۹۷٬۰۰۰ تومان,۲ ساعت پیش در تهران، ستارخان
۵۰,۱۳۸۱,۱,False,False,True,۸۲٬۰۰۰٬۰۰۰ تومان,۲ ساعت پیش در تهران، شهرک پرواز
۱۳۸,۱۳۸۵,۳,False,True,True,۱۰۸٬۶۹۵٬۰۰۰ تومان,۲ ساعت پیش در تهران، یوسف‌آباد
۱۱۲,۱۴۰۲,۲,True,True,True,۱۵۰٬۰۰۰٬۰۰۰ تومان,۲ ساعت پیش در تهران، یوسف‌آباد
۶۰,۱۳۹۵,۱,True,True,True,۱۱۰٬۰۰۰٬۰۰۰ تومان,۲ ساعت پیش در تهران، هروی
۱۰۷,۱۴۰۲,۲,True,True,False,۴۳٬۴۵۷٬۰۰۰ تومان,۲ ساعت پیش در تهران، امام سجاد(ع)
۱۵۲,۱۴۰۲,۳,True,True,True,۱۰۰٬۰۰۰٬۰۰۰ تومان,۲ ساعت پیش در تهران، آهنگ
۹۲,۱۳۹۸,۲,True,True,True,۷۷٬۷۱۷٬۰۰۰ تومان,۲ ساعت پیش در تهران، دکتر هوشیار
۵۵,۱۳۸۵,۱,False,False,True,۹۶٬۳۶۳٬۰۰۰ تومان,۲ ساعت پیش در تهران، تهران‌ویلا
۲۳۳,۱۳۸۶,۳,True,True,True,۱۳۴٬۴۷۶٬۰۰۰ تومان,۲ ساعت پیش در تهران، پاسداران
۵۱,۱۳۷۹,۱,False,False,True,۵۱٬۹۶۰٬۰۰۰ تومان,۲ ساعت پیش در تهران، جیحون
۹۸,۱۳۸۸,۲,True,True,True,۵۹٬۱۸۳٬۰۰۰ تومان,۲ ساعت پیش در تهران، نازی‌آباد
۱۱۰,۱۴۰۱,۲,True,True,True,۱۱۸٬۱۸۱٬۰۰۰ تومان,۲ ساعت پیش در تهران، فاطمی
۱۳۸,۱۳۸۵,۳,False,True,True,۱۰۸٬۶۹۵٬۰۰۰ تومان,۲ ساعت پیش در تهران، یوسف‌آباد
۱۱۲,۱۴۰۲,۲,True,True,True,۱۵۰٬۰۰۰٬۰۰۰ تومان,۲ ساعت پیش در تهران، یوسف‌آباد
۱۲۰,۱۳۹۲,۳,True,True,True,۱۷۵٬۰۰۰٬۰۰۰ تومان,۲ ساعت پیش در تهران، فرمانیه
۱۰۴,۱۳۹۰,۳,True,True,True,۸۵٬۵۷۶٬۰۰۰ تومان,۲ ساعت پیش در تهران، پیروزی
۶۰,۱۳۹۵,۱,True,True,True,۱۱۰٬۰۰۰٬۰۰۰ تومان,۲ ساعت پیش در تهران، هروی
۱۰۷,۱۴۰۲,۲,True,True,False,۴۳٬۴۵۷٬۰۰۰ تومان,۲ ساعت پیش در تهران، امام سجاد(ع)
۷۲,۱۳۸۶,۲,False,True,True,۵۴٬۱۶۶٬۰۰۰ تومان,۲ ساعت پیش در تهران، هوانیروز
۱۰۰,۱۴۰۲,۲,True,True,True,۱۲٬۰۰۰٬۰۰۰ تومان,۲ ساعت پیش در تهران، چیتگر
۱۰۵,۱۴۰۲,۲,True,True,True,۱۵٬۲۳۸٬۰۰۰ تومان,۲ ساعت پیش در تهران، چیتگر
۱۵۲,۱۴۰۲,۳,True,True,True,۱۰۰٬۰۰۰٬۰۰۰ تومان,۲ ساعت پیش در تهران، آهنگ
۹۲,۱۳۹۸,۲,True,True,True,۷۷٬۷۱۷٬۰۰۰ تومان,۲ ساعت پیش در تهران، دکتر هوشیار
۷۲,۱۴۰۰,۲,True,True,False,۴۱٬۶۶۶٬۰۰۰ تومان,۲ ساعت پیش در تهران، طیب
۴۱,۱۳۸۴,۱,False,False,True,۷۹٬۲۶۸٬۰۰۰ تومان,۲ ساعت پیش در تهران، طرشت
۱۲۵,۱۳۹۳,۲,True,False,False,۳۹٬۲۰۰٬۰۰۰ تومان,۲ ساعت پیش در تهران، خاک سفید
۵۰,۱۳۸۱,۱,False,False,True,۸۲٬۰۰۰٬۰۰۰ تومان,۲ ساعت پیش در تهران، شهرک پرواز
۵۵,۱۳۸۵,۱,False,False,True,۹۶٬۳۶۳٬۰۰۰ تومان,۲ ساعت پیش در تهران، تهران‌ویلا
۲۳۳,۱۳۸۶,۳,True,True,True,۱۳۴٬۴۷۶٬۰۰۰ تومان,۲ ساعت پیش در تهران، پاسداران
۸۰,۱۳۹۸,۲,True,True,True,۱۱٬۲۵۰٬۰۰۰ تومان,۲ ساعت پیش در تهران، اندیشه (شهر زیبا)
۹۸,۱۳۸۸,۲,True,True,True,۵۹٬۱۸۳٬۰۰۰ تومان,۲ ساعت پیش در تهران، نازی‌آباد
